run_id,slot,tick,intended_us,invoked_us,lateness_us,skipped,bucket,actor_steps,actor_updates,policy_evaluations,orders_submitted,orders_filled,matched_shares
2,1,0,1791080037939345,1791080037941457,2112,0,0,16101,16101,16101,12017,11681,33878
2,2,1,1791080037989345,1791080037990994,1649,0,1,16356,16356,16356,12308,11813,34786
2,3,2,1791080038039345,1791080038041179,1834,0,2,16230,16230,16230,12180,12151,34850
2,4,3,1791080038089345,1791080038090807,1462,0,3,16336,16336,16336,12269,11647,34401
2,5,4,1791080038139345,1791080038141194,1849,0,4,16218,16218,16218,12188,12003,35207
2,6,5,1791080038189345,1791080038191720,2375,0,5,16254,16254,16254,12097,11959,34530
2,7,6,1791080038239345,1791080038241529,2184,0,6,16134,16134,16134,12103,11649,34105
2,8,7,1791080038289345,1791080038291143,1798,0,7,16267,16267,16267,12302,12181,35387
2,9,8,1791080038339345,1791080038340911,1566,0,8,16351,16351,16351,12264,11861,34807
2,10,9,1791080038389345,1791080038391583,2238,0,9,16169,16169,16169,12100,12069,34658
2,11,10,1791080038439345,1791080038441424,2079,0,10,16190,16190,16190,12290,12169,35065
2,12,11,1791080038489345,1791080038490822,1477,0,11,16241,16241,16241,12203,11673,34388
2,13,12,1791080038539345,1791080038541520,2175,0,12,16355,16355,16355,12322,12126,35324
2,14,13,1791080038589345,1791080038591331,1986,0,13,16206,16206,16206,12179,11791,34334
2,15,14,1791080038639345,1791080038641654,2309,0,14,16266,16266,16266,12138,11885,34822
2,16,15,1791080038689345,1791080038691653,2308,0,15,16226,16226,16226,12223,11820,34626
2,17,16,1791080038739345,1791080038741132,1787,0,16,16332,16332,16332,12220,11909,34834
2,18,17,1791080038789345,1791080038791178,1833,0,17,16104,16104,16104,12158,11764,34459
2,19,18,1791080038839345,1791080038841190,1845,0,18,16358,16358,16358,12202,11769,34814
2,20,19,1791080038889345,1791080038891319,1974,0,19,16306,16306,16306,12211,11564,34424
2,21,20,1791080038939345,1791080038941105,1760,0,0,16101,16101,16101,12010,11858,34689
2,22,21,1791080038989345,1791080038991303,1958,0,1,16356,16356,16356,12283,12270,34902
2,23,22,1791080039039345,1791080039041691,2346,0,2,16230,16230,16230,12182,11851,34530
2,24,23,1791080039089345,1791080039090796,1451,0,3,16336,16336,16336,12202,12013,34738
2,25,24,1791080039139345,1791080039140838,1493,0,4,16218,16218,16218,12085,11602,34354
2,26,25,1791080039189345,1791080039191261,1916,0,5,16254,16254,16254,12158,11654,34361
2,27,26,1791080039239345,1791080039241427,2082,0,6,16134,16134,16134,12192,11671,34460
2,28,27,1791080039289345,1791080039290991,1646,0,7,16267,16267,16267,12246,12066,35248
2,29,28,1791080039339345,1791080039341486,2141,0,8,16351,16351,16351,12315,11763,34813
2,30,29,1791080039389345,1791080039391651,2306,0,9,16169,16169,16169,12181,12168,35103
2,31,30,1791080039439345,1791080039440981,1636,0,10,16190,16190,16190,12160,12015,34686
2,32,31,1791080039489345,1791080039491098,1753,0,11,16241,16241,16241,12193,11795,34243
2,33,32,1791080039539345,1791080039540823,1478,0,12,16355,16355,16355,12280,11591,34357
2,34,33,1791080039589345,1791080039591442,2097,0,13,16206,16206,16206,12131,11882,34926
2,35,34,1791080039639345,1791080039641263,1918,0,14,16266,16266,16266,12153,11836,34782
2,36,35,1791080039689345,1791080039690797,1452,0,15,16226,16226,16226,12150,11907,34538
2,37,36,1791080039739345,1791080039741385,2040,0,16,16332,16332,16332,12243,11664,34589
2,38,37,1791080039789345,1791080039791711,2366,0,17,16104,16104,16104,12090,11614,34167
2,39,38,1791080039839345,1791080039841110,1765,0,18,16358,16358,16358,12240,11784,34524
2,40,39,1791080039889345,1791080039891726,2381,0,19,16306,16306,16306,12272,12044,35014
2,41,40,1791080039939345,1791080039940773,1428,0,0,16101,16101,16101,12039,11622,34037
2,42,41,1791080039989345,1791080039991318,1973,0,1,16356,16356,16356,12362,12112,35023
2,43,42,1791080040039345,1791080040041665,2320,0,2,16230,16230,16230,12270,11825,34894
2,44,43,1791080040089345,1791080040091482,2137,0,3,16336,16336,16336,12247,12030,35086
2,45,44,1791080040139345,1791080040140837,1492,0,4,16218,16218,16218,12247,12063,34835
2,46,45,1791080040189345,1791080040191889,2544,0,5,16254,16254,16254,12252,12113,35030
2,47,46,1791080040239345,1791080040241240,1895,0,6,16134,16134,16134,12118,11829,34240
2,48,47,1791080040289345,1791080040290703,1358,0,7,16267,16267,16267,12266,11855,34736
2,49,48,1791080040339345,1791080040340895,1550,0,8,16351,16351,16351,12235,11774,34882
2,50,49,1791080040389345,1791080040391063,1718,0,9,16169,16169,16169,12133,11657,34410
2,51,50,1791080040439345,1791080040440803,1458,0,10,16190,16190,16190,12208,12170,35060
2,52,51,1791080040489345,1791080040490998,1653,0,11,16241,16241,16241,12244,11864,34917
2,53,52,1791080040539345,1791080040540787,1442,0,12,16355,16355,16355,12267,11645,34525
2,54,53,1791080040589345,1791080040591355,2010,0,13,16206,16206,16206,12136,11533,34809
2,55,54,1791080040639345,1791080040640903,1558,0,14,16266,16266,16266,12297,11681,35080
2,56,55,1791080040689345,1791080040690849,1504,0,15,16226,16226,16226,12340,12059,35618
2,57,56,1791080040739345,1791080040740844,1499,0,16,16332,16332,16332,12214,11769,35379
2,58,57,1791080040789345,1791080040791242,1897,0,17,16104,16104,16104,12075,11521,34721
2,59,58,1791080040839345,1791080040841773,2428,0,18,16358,16358,16358,12212,12046,35787
2,60,59,1791080040889345,1791080040890792,1447,0,19,16306,16306,16306,12199,11336,34598
2,61,60,1791080040939345,1791080040941450,2105,0,0,16101,16101,16101,11964,11672,35539
2,62,61,1791080040989345,1791080040991647,2302,0,1,16356,16356,16356,12266,11707,35699
2,63,62,1791080041039345,1791080041041158,1813,0,2,16230,16230,16230,12060,12016,35552
2,64,63,1791080041089345,1791080041091391,2046,0,3,16336,16336,16336,12221,12035,35894
2,65,64,1791080041139345,1791080041141416,2071,0,4,16218,16218,16218,12147,11885,35521
2,66,65,1791080041189345,1791080041191779,2434,0,5,16254,16254,16254,12180,11959,35926
2,67,66,1791080041239345,1791080041241123,1778,0,6,16134,16134,16134,12193,11604,35461
2,68,67,1791080041289345,1791080041291680,2335,0,7,16267,16267,16267,12288,11868,35918
2,69,68,1791080041339345,1791080041341650,2305,0,8,16351,16351,16351,12287,11990,35859
2,70,69,1791080041389345,1791080041391040,1695,0,9,16169,16169,16169,11991,11867,35293
2,71,70,1791080041439345,1791080041441769,2424,0,10,16190,16190,16190,12147,11539,35270
2,72,71,1791080041489345,1791080041491114,1769,0,11,16241,16241,16241,12162,11949,36055
2,73,72,1791080041539345,1791080041541737,2392,0,12,16355,16355,16355,12344,12071,36268
2,74,73,1791080041589345,1791080041591093,1748,0,13,16206,16206,16206,12173,11940,35874
2,75,74,1791080041639345,1791080041641657,2312,0,14,16266,16266,16266,12214,11764,35936
2,76,75,1791080041689345,1791080041690784,1439,0,15,16226,16226,16226,12282,11971,36146
2,77,76,1791080041739345,1791080041740834,1489,0,16,16332,16332,16332,12201,11808,36164
2,78,77,1791080041789345,1791080041791506,2161,0,17,16104,16104,16104,12141,11888,35993
2,79,78,1791080041839345,1791080041841363,2018,0,18,16358,16358,16358,12230,11862,36444
2,80,79,1791080041889345,1791080041890768,1423,0,19,16306,16306,16306,12227,11937,36262
2,81,80,1791080041939345,1791080041941628,2283,0,0,16101,16101,16101,12017,11899,35929
2,82,81,1791080041989345,1791080041991006,1661,0,1,16356,16356,16356,12347,12013,36827
2,83,82,1791080042039345,1791080042041238,1893,0,2,16230,16230,16230,12147,11654,35815
2,84,83,1791080042089345,1791080042090790,1445,0,3,16336,16336,16336,12212,11658,36185
2,85,84,1791080042139345,1791080042141612,2267,0,4,16218,16218,16218,12213,12098,36865
2,86,85,1791080042189345,1791080042191240,1895,0,5,16254,16254,16254,12141,11864,35885
2,87,86,1791080042239345,1791080042241536,2191,0,6,16134,16134,16134,12096,11746,36074
2,88,87,1791080042289345,1791080042291595,2250,0,7,16267,16267,16267,12229,12032,36544
2,89,88,1791080042339345,1791080042341371,2026,0,8,16351,16351,16351,12194,11731,36097
2,90,89,1791080042389345,1791080042391362,2017,0,9,16169,16169,16169,12168,11698,36262
2,91,90,1791080042439345,1791080042441112,1767,0,10,16190,16190,16190,12249,11652,36800
2,92,91,1791080042489345,1791080042490975,1630,0,11,16241,16241,16241,12247,11751,36849
2,93,92,1791080042539345,1791080042540789,1444,0,12,16355,16355,16355,12289,12024,37196
2,94,93,1791080042589345,1791080042590994,1649,0,13,16206,16206,16206,12140,11396,36186
2,95,94,1791080042639345,1791080042641376,2031,0,14,16266,16266,16266,12217,11824,37445
2,96,95,1791080042689345,1791080042690773,1428,0,15,16226,16226,16226,12220,11668,37100
2,97,96,1791080042739345,1791080042740951,1606,0,16,16332,16332,16332,12310,12169,38175
2,98,97,1791080042789345,1791080042791723,2378,0,17,16104,16104,16104,12100,11376,36939
2,99,98,1791080042839345,1791080042841741,2396,0,18,16358,16358,16358,12241,11834,37784
2,100,99,1791080042889345,1791080042890772,1427,0,19,16306,16306,16306,12275,12167,37660
2,101,100,1791080042939345,1791080042940797,1452,0,0,16101,16101,16101,12057,11375,36201
2,102,101,1791080042989345,1791080042991436,2091,0,1,16356,16356,16356,12228,11949,37421
2,103,102,1791080043039345,1791080043040765,1420,0,2,16230,16230,16230,12169,11857,36798
2,104,103,1791080043089345,1791080043091728,2383,0,3,16336,16336,16336,12284,12084,37278
2,105,104,1791080043139345,1791080043140909,1564,0,4,16218,16218,16218,12089,11632,36479
2,106,105,1791080043189345,1791080043191770,2425,0,5,16254,16254,16254,12105,12026,36685
2,107,106,1791080043239345,1791080043241082,1737,0,6,16134,16134,16134,12134,12080,36458
2,108,107,1791080043289345,1791080043291121,1776,0,7,16267,16267,16267,12111,11229,35528
2,109,108,1791080043339345,1791080043341701,2356,0,8,16351,16351,16351,12235,11903,36972
2,110,109,1791080043389345,1791080043391283,1938,0,9,16169,16169,16169,12102,11493,35889
2,111,110,1791080043439345,1791080043441313,1968,0,10,16190,16190,16190,12224,12033,37511
2,112,111,1791080043489345,1791080043490966,1621,0,11,16241,16241,16241,12158,12152,37396
2,113,112,1791080043539345,1791080043541532,2187,0,12,16355,16355,16355,12292,12115,37457
2,114,113,1791080043589345,1791080043591465,2120,0,13,16206,16206,16206,12171,12016,37281
2,115,114,1791080043639345,1791080043641802,2457,0,14,16266,16266,16266,12179,11766,36950
2,116,115,1791080043689345,1791080043690806,1461,0,15,16226,16226,16226,12291,11835,37265
2,117,116,1791080043739345,1791080043741491,2146,0,16,16332,16332,16332,12137,11831,37499
2,118,117,1791080043789345,1791080043791640,2295,0,17,16104,16104,16104,12063,11373,36537
2,119,118,1791080043839345,1791080043841091,1746,0,18,16358,16358,16358,12271,11767,37420
2,120,119,1791080043889345,1791080043890735,1390,0,19,16306,16306,16306,12210,11512,36917
2,121,120,1791080043939345,1791080043941239,1894,0,0,16101,16101,16101,12215,11800,38061
2,122,121,1791080043989345,1791080043991042,1697,0,1,16356,16356,16356,12413,11633,37534
2,123,122,1791080044039345,1791080044040866,1521,0,2,16230,16230,16230,12182,11895,37367
2,124,123,1791080044089345,1791080044091248,1903,0,3,16336,16336,16336,12214,11815,36940
2,125,124,1791080044139345,1791080044140941,1596,0,4,16218,16218,16218,12024,11796,37206
2,126,125,1791080044189345,1791080044191762,2417,0,5,16254,16254,16254,12200,11620,37073
2,127,126,1791080044239345,1791080044241385,2040,0,6,16134,16134,16134,12068,11892,37583
2,128,127,1791080044289345,1791080044290844,1499,0,7,16267,16267,16267,12175,11468,37233
2,129,128,1791080044339345,1791080044341290,1945,0,8,16351,16351,16351,12168,11928,37853
2,130,129,1791080044389345,1791080044390725,1380,0,9,16169,16169,16169,12135,11879,37868
2,131,130,1791080044439345,1791080044441746,2401,0,10,16190,16190,16190,11993,11674,37346
2,132,131,1791080044489345,1791080044491321,1976,0,11,16241,16241,16241,12233,12201,38806
2,133,132,1791080044539345,1791080044541613,2268,0,12,16355,16355,16355,12389,12350,39623
2,134,133,1791080044589345,1791080044591327,1982,0,13,16206,16206,16206,12288,12124,39332
2,135,134,1791080044639345,1791080044640852,1507,0,14,16266,16266,16266,12142,11622,38794
2,136,135,1791080044689345,1791080044690932,1587,0,15,16226,16226,16226,12211,12041,39850
2,137,136,1791080044739345,1791080044741279,1934,0,16,16332,16332,16332,12224,11919,39179
2,138,137,1791080044789345,1791080044790809,1464,0,17,16104,16104,16104,12158,11816,38628
2,139,138,1791080044839345,1791080044841407,2062,0,18,16358,16358,16358,12441,12199,39507
2,140,139,1791080044889345,1791080044891278,1933,0,19,16306,16306,16306,12182,11871,38717
2,141,140,1791080044939345,1791080044941533,2188,0,0,16101,16101,16101,12105,11496,38426
2,142,141,1791080044989345,1791080044991215,1870,0,1,16356,16356,16356,12357,11765,39041
2,143,142,1791080045039345,1791080045041493,2148,0,2,16230,16230,16230,12144,11786,38066
2,144,143,1791080045089345,1791080045090832,1487,0,3,16336,16336,16336,12306,11880,38306
2,145,144,1791080045139345,1791080045141756,2411,0,4,16218,16218,16218,12117,11853,37704
2,146,145,1791080045189345,1791080045190939,1594,0,5,16254,16254,16254,12221,11993,37809
2,147,146,1791080045239345,1791080045240746,1401,0,6,16134,16134,16134,12182,11604,37557
2,148,147,1791080045289345,1791080045290739,1394,0,7,16267,16267,16267,12199,11635,37461
2,149,148,1791080045339345,1791080045340979,1634,0,8,16351,16351,16351,12395,12333,38912
2,150,149,1791080045389345,1791080045391130,1785,0,9,16169,16169,16169,12179,11658,37539
2,151,150,1791080045439345,1791080045441525,2180,0,10,16190,16190,16190,12128,11582,37477
2,152,151,1791080045489345,1791080045490714,1369,0,11,16241,16241,16241,12207,11932,37985
2,153,152,1791080045539345,1791080045541445,2100,0,12,16355,16355,16355,12238,12058,37860
2,154,153,1791080045589345,1791080045591664,2319,0,13,16206,16206,16206,12118,11952,37499
2,155,154,1791080045639345,1791080045641152,1807,0,14,16266,16266,16266,12180,11920,37512
2,156,155,1791080045689345,1791080045690819,1474,0,15,16226,16226,16226,12064,11475,36708
2,157,156,1791080045739345,1791080045741269,1924,0,16,16332,16332,16332,12165,11977,37775
2,158,157,1791080045789345,1791080045791005,1660,0,17,16104,16104,16104,12046,11357,36723
2,159,158,1791080045839345,1791080045840884,1539,0,18,16358,16358,16358,12187,11670,37369
2,160,159,1791080045889345,1791080045890790,1445,0,19,16306,16306,16306,12268,11708,38317
2,161,160,1791080045939345,1791080045941569,2224,0,0,16101,16101,16101,12057,11636,37904
2,162,161,1791080045989345,1791080045990774,1429,0,1,16356,16356,16356,12290,11482,38163
2,163,162,1791080046039345,1791080046040833,1488,0,2,16230,16230,16230,12280,11883,38555
2,164,163,1791080046089345,1791080046091120,1775,0,3,16336,16336,16336,12257,11661,37946
2,165,164,1791080046139345,1791080046141428,2083,0,4,16218,16218,16218,12126,11585,37167
2,166,165,1791080046189345,1791080046190994,1649,0,5,16254,16254,16254,12185,11602,37058
2,167,166,1791080046239345,1791080046240939,1594,0,6,16134,16134,16134,12082,11848,37446
2,168,167,1791080046289345,1791080046291012,1667,0,7,16267,16267,16267,12211,11792,37697
2,169,168,1791080046339345,1791080046341593,2248,0,8,16351,16351,16351,12305,11671,38080
2,170,169,1791080046389345,1791080046390889,1544,0,9,16169,16169,16169,12210,12075,37827
2,171,170,1791080046439345,1791080046441459,2114,0,10,16190,16190,16190,12069,11595,36858
2,172,171,1791080046489345,1791080046491110,1765,0,11,16241,16241,16241,12229,12226,37667
2,173,172,1791080046539345,1791080046541347,2002,0,12,16355,16355,16355,12288,11932,37591
2,174,173,1791080046589345,1791080046591676,2331,0,13,16206,16206,16206,12176,11761,36895
2,175,174,1791080046639345,1791080046641478,2133,0,14,16266,16266,16266,12269,12010,37691
2,176,175,1791080046689345,1791080046690781,1436,0,15,16226,16226,16226,12177,11872,36927
2,177,176,1791080046739345,1791080046741245,1900,0,16,16332,16332,16332,12254,11925,37480
2,178,177,1791080046789345,1791080046791125,1780,0,17,16104,16104,16104,12121,11815,37668
2,179,178,1791080046839345,1791080046841385,2040,0,18,16358,16358,16358,12343,11752,37875
2,180,179,1791080046889345,1791080046891006,1661,0,19,16306,16306,16306,12207,12030,38498
2,181,180,1791080046939345,1791080046941625,2280,0,0,16101,16101,16101,12195,12009,38567
2,182,181,1791080046989345,1791080046990802,1457,0,1,16356,16356,16356,12327,11664,38801
2,183,182,1791080047039345,1791080047040832,1487,0,2,16230,16230,16230,12160,11392,37909
2,184,183,1791080047089345,1791080047091231,1886,0,3,16336,16336,16336,12289,11574,38309
2,185,184,1791080047139345,1791080047141606,2261,0,4,16218,16218,16218,12182,12161,38831
2,186,185,1791080047189345,1791080047190874,1529,0,5,16254,16254,16254,12221,12043,38633
2,187,186,1791080047239345,1791080047241517,2172,0,6,16134,16134,16134,12203,11853,38514
2,188,187,1791080047289345,1791080047291461,2116,0,7,16267,16267,16267,12235,11599,38041
2,189,188,1791080047339345,1791080047341571,2226,0,8,16351,16351,16351,12199,12056,38727
2,190,189,1791080047389345,1791080047391521,2176,0,9,16169,16169,16169,12183,12066,38724
2,191,190,1791080047439345,1791080047440822,1477,0,10,16190,16190,16190,12090,11724,38415
2,192,191,1791080047489345,1791080047490974,1629,0,11,16241,16241,16241,12234,12220,39163
2,193,192,1791080047539345,1791080047540901,1556,0,12,16355,16355,16355,12303,11851,39010
2,194,193,1791080047589345,1791080047591478,2133,0,13,16206,16206,16206,12206,12062,39383
2,195,194,1791080047639345,1791080047641090,1745,0,14,16266,16266,16266,12236,12038,39212
2,196,195,1791080047689345,1791080047691687,2342,0,15,16226,16226,16226,12202,11571,38524
2,197,196,1791080047739345,1791080047741069,1724,0,16,16332,16332,16332,12307,11809,39412
2,198,197,1791080047789345,1791080047791137,1792,0,17,16104,16104,16104,12055,11569,38461
2,199,198,1791080047839345,1791080047841439,2094,0,18,16358,16358,16358,12328,11544,38412
2,200,199,1791080047889345,1791080047891378,2033,0,19,16306,16306,16306,12342,11997,39588
2,201,200,1791080047939345,1791080047940896,1551,0,0,16101,16101,16101,12153,11397,38263
2,202,201,1791080047989345,1791080047990801,1456,0,1,16356,16356,16356,12309,12031,39450
2,203,202,1791080048039345,1791080048041756,2411,0,2,16230,16230,16230,12217,12215,38854
2,204,203,1791080048089345,1791080048090819,1474,0,3,16336,16336,16336,12246,11921,38924
2,205,204,1791080048139345,1791080048141153,1808,0,4,16218,16218,16218,12145,12119,38430
2,206,205,1791080048189345,1791080048190978,1633,0,5,16254,16254,16254,12144,11662,37998
2,207,206,1791080048239345,1791080048241734,2389,0,6,16134,16134,16134,12119,11634,37892
2,208,207,1791080048289345,1791080048291762,2417,0,7,16267,16267,16267,12333,12287,39806
2,209,208,1791080048339345,1791080048340869,1524,0,8,16351,16351,16351,12193,11584,38701
2,210,209,1791080048389345,1791080048390991,1646,0,9,16169,16169,16169,12296,11896,39918
2,211,210,1791080048439345,1791080048441316,1971,0,10,16190,16190,16190,12149,11925,38868
2,212,211,1791080048489345,1791080048491696,2351,0,11,16241,16241,16241,12303,12068,39306
2,213,212,1791080048539345,1791080048540992,1647,0,12,16355,16355,16355,12346,12140,39725
2,214,213,1791080048589345,1791080048591495,2150,0,13,16206,16206,16206,12071,11748,38147
2,215,214,1791080048639345,1791080048641584,2239,0,14,16266,16266,16266,12244,11514,38749
2,216,215,1791080048689345,1791080048690824,1479,0,15,16226,16226,16226,12188,11653,38811
2,217,216,1791080048739345,1791080048741717,2372,0,16,16332,16332,16332,12277,12091,39570
2,218,217,1791080048789345,1791080048790985,1640,0,17,16104,16104,16104,12166,11706,38929
2,219,218,1791080048839345,1791080048841312,1967,0,18,16358,16358,16358,12280,11985,39433
2,220,219,1791080048889345,1791080048890967,1622,0,19,16306,16306,16306,12307,11492,38896
2,221,220,1791080048939345,1791080048964881,25536,0,0,16101,16101,16101,12189,11748,39924
2,222,221,1791080048989345,1791080049008736,19391,0,1,16356,16356,16356,12336,12142,39855
2,223,222,1791080049039345,1791080049054280,14935,0,2,16230,16230,16230,12241,12127,39577
2,224,223,1791080049089345,1791080049100031,10686,0,3,16336,16336,16336,12344,11410,38680
2,225,224,1791080049139345,1791080049146022,6677,0,4,16218,16218,16218,12243,12099,39584
2,226,225,1791080049189345,1791080049194340,4995,0,5,16254,16254,16254,12196,11662,38279
2,227,226,1791080049239345,1791080049241612,2267,0,6,16134,16134,16134,12100,11623,38250
2,228,227,1791080049289345,1791080049290882,1537,0,7,16267,16267,16267,12219,11770,39117
2,229,228,1791080049339345,1791080049341047,1702,0,8,16351,16351,16351,12311,12114,39011
2,230,229,1791080049389345,1791080049391054,1709,0,9,16169,16169,16169,12131,11629,38430
2,231,230,1791080049439345,1791080049440853,1508,0,10,16190,16190,16190,12129,11976,39224
2,232,231,1791080049489345,1791080049491038,1693,0,11,16241,16241,16241,12283,12192,40161
2,233,232,1791080049539345,1791080049541377,2032,0,12,16355,16355,16355,12302,11998,40162
2,234,233,1791080049589345,1791080049591103,1758,0,13,16206,16206,16206,12337,11869,40115
2,235,234,1791080049639345,1791080049640856,1511,0,14,16266,16266,16266,12357,11671,40343
2,236,235,1791080049689345,1791080049690810,1465,0,15,16226,16226,16226,12264,11525,39691
2,237,236,1791080049739345,1791080049741049,1704,0,16,16332,16332,16332,12426,12205,41445
2,238,237,1791080049789345,1791080049791079,1734,0,17,16104,16104,16104,12239,11459,39952
2,239,238,1791080049839345,1791080049843455,4110,0,18,16358,16358,16358,12428,12222,41409
2,240,239,1791080049889345,1791080049891335,1990,0,19,16306,16306,16306,12321,12019,40381
2,241,240,1791080049939345,1791080049941053,1708,0,0,16101,16101,16101,12284,11321,39591
2,242,241,1791080049989345,1791080049990699,1354,0,1,16356,16356,16356,12394,11596,40207
2,243,242,1791080050039345,1791080050041463,2118,0,2,16230,16230,16230,12157,11658,39404
2,244,243,1791080050089345,1791080050090811,1466,0,3,16336,16336,16336,12226,11839,39151
2,245,244,1791080050139345,1791080050140883,1538,0,4,16218,16218,16218,12144,11983,38841
2,246,245,1791080050189345,1791080050191741,2396,0,5,16254,16254,16254,12248,12094,39592
2,247,246,1791080050239345,1791080050240824,1479,0,6,16134,16134,16134,11983,11583,38475
2,248,247,1791080050289345,1791080050290741,1396,0,7,16267,16267,16267,12250,12187,39516
2,249,248,1791080050339345,1791080050340943,1598,0,8,16351,16351,16351,12288,12047,39409
2,250,249,1791080050389345,1791080050391648,2303,0,9,16169,16169,16169,12192,11944,38999
2,251,250,1791080050439345,1791080050441290,1945,0,10,16190,16190,16190,12174,11987,39280
2,252,251,1791080050489345,1791080050490871,1526,0,11,16241,16241,16241,12226,12079,39255
2,253,252,1791080050539345,1791080050540857,1512,0,12,16355,16355,16355,12220,11759,39438
2,254,253,1791080050589345,1791080050590798,1453,0,13,16206,16206,16206,12173,11934,39433
2,255,254,1791080050639345,1791080050641015,1670,0,14,16266,16266,16266,12259,12010,39563
2,256,255,1791080050689345,1791080050690889,1544,0,15,16226,16226,16226,12233,12107,39466
2,257,256,1791080050739345,1791080050741255,1910,0,16,16332,16332,16332,12179,11587,38873
2,258,257,1791080050789345,1791080050791304,1959,0,17,16104,16104,16104,12190,11903,39363
2,259,258,1791080050839345,1791080050840915,1570,0,18,16358,16358,16358,12325,12320,40037
2,260,259,1791080050889345,1791080050890828,1483,0,19,16306,16306,16306,12265,11936,39315
2,261,260,1791080050939345,1791080050941747,2402,0,0,16101,16101,16101,12165,11351,39241
2,262,261,1791080050989345,1791080050990867,1522,0,1,16356,16356,16356,12483,11907,40167
2,263,262,1791080051039345,1791080051040794,1449,0,2,16230,16230,16230,12141,11671,38780
2,264,263,1791080051089345,1791080051090896,1551,0,3,16336,16336,16336,12253,11801,38676
2,265,264,1791080051139345,1791080051141316,1971,0,4,16218,16218,16218,12141,11428,37621
2,266,265,1791080051189345,1791080051191171,1826,0,5,16254,16254,16254,12268,12151,38919
2,267,266,1791080051239345,1791080051240775,1430,0,6,16134,16134,16134,12098,12071,37429
2,268,267,1791080051289345,1791080051291184,1839,0,7,16267,16267,16267,12333,11952,37866
2,269,268,1791080051339345,1791080051341515,2170,0,8,16351,16351,16351,12346,11720,37737
2,270,269,1791080051389345,1791080051391158,1813,0,9,16169,16169,16169,12124,11877,38187
2,271,270,1791080051439345,1791080051441218,1873,0,10,16190,16190,16190,12154,11925,38382
2,272,271,1791080051489345,1791080051490791,1446,0,11,16241,16241,16241,12128,11883,38360
2,273,272,1791080051539345,1791080051540789,1444,0,12,16355,16355,16355,12325,12147,38822
2,274,273,1791080051589345,1791080051591221,1876,0,13,16206,16206,16206,12257,11577,38063
2,275,274,1791080051639345,1791080051641752,2407,0,14,16266,16266,16266,12284,12104,38886
2,276,275,1791080051689345,1791080051690736,1391,0,15,16226,16226,16226,12157,11586,37988
2,277,276,1791080051739345,1791080051741266,1921,0,16,16332,16332,16332,12296,11714,39015
2,278,277,1791080051789345,1791080051791548,2203,0,17,16104,16104,16104,12187,11596,38578
2,279,278,1791080051839345,1791080051841128,1783,0,18,16358,16358,16358,12217,11801,38367
2,280,279,1791080051889345,1791080051891603,2258,0,19,16306,16306,16306,12264,11599,38507
2,281,280,1791080051939345,1791080051940796,1451,0,0,16101,16101,16101,12121,11692,38880
2,282,281,1791080051989345,1791080051991005,1660,0,1,16356,16356,16356,12286,11716,38787
2,283,282,1791080052039345,1791080052040963,1618,0,2,16230,16230,16230,12186,11797,38611
2,284,283,1791080052089345,1791080052091131,1786,0,3,16336,16336,16336,12331,12114,38572
2,285,284,1791080052139345,1791080052140952,1607,0,4,16218,16218,16218,12209,11759,38086
2,286,285,1791080052189345,1791080052191056,1711,0,5,16254,16254,16254,12196,12182,37863
2,287,286,1791080052239345,1791080052241277,1932,0,6,16134,16134,16134,12089,11433,36844
2,288,287,1791080052289345,1791080052290813,1468,0,7,16267,16267,16267,12254,12025,37794
2,289,288,1791080052339345,1791080052341734,2389,0,8,16351,16351,16351,12247,12242,37709
2,290,289,1791080052389345,1791080052391376,2031,0,9,16169,16169,16169,12211,11544,36660
2,291,290,1791080052439345,1791080052441473,2128,0,10,16190,16190,16190,12221,12031,37785
2,292,291,1791080052489345,1791080052490701,1356,0,11,16241,16241,16241,12195,11737,37218
2,293,292,1791080052539345,1791080052541363,2018,0,12,16355,16355,16355,12321,12297,37543
2,294,293,1791080052589345,1791080052591093,1748,0,13,16206,16206,16206,12236,11403,36764
2,295,294,1791080052639345,1791080052641299,1954,0,14,16266,16266,16266,12222,11401,37398
2,296,295,1791080052689345,1791080052691444,2099,0,15,16226,16226,16226,12274,11985,37767
2,297,296,1791080052739345,1791080052740911,1566,0,16,16332,16332,16332,12276,11875,37708
2,298,297,1791080052789345,1791080052791385,2040,0,17,16104,16104,16104,12092,11282,36599
2,299,298,1791080052839345,1791080052841231,1886,0,18,16358,16358,16358,12320,12102,38136
2,300,299,1791080052889345,1791080052890913,1568,0,19,16306,16306,16306,12268,11831,37555
2,301,300,1791080052939345,1791080052940893,1548,0,0,16101,16101,16101,12159,11447,37031
2,302,301,1791080052989345,1791080052991544,2199,0,1,16356,16356,16356,12288,12072,37907
2,303,302,1791080053039345,1791080053040840,1495,0,2,16230,16230,16230,12100,11759,37122
2,304,303,1791080053089345,1791080053091001,1656,0,3,16336,16336,16336,12287,12051,37908
2,305,304,1791080053139345,1791080053141145,1800,0,4,16218,16218,16218,12180,11714,37616
2,306,305,1791080053189345,1791080053191516,2171,0,5,16254,16254,16254,12071,11236,36212
2,307,306,1791080053239345,1791080053241319,1974,0,6,16134,16134,16134,12125,11721,37989
2,308,307,1791080053289345,1791080053291699,2354,0,7,16267,16267,16267,12091,12070,37509
2,309,308,1791080053339345,1791080053341695,2350,0,8,16351,16351,16351,12382,12115,38345
2,310,309,1791080053389345,1791080053390963,1618,0,9,16169,16169,16169,12136,11449,37378
2,311,310,1791080053439345,1791080053440825,1480,0,10,16190,16190,16190,12161,11846,38585
2,312,311,1791080053489345,1791080053491589,2244,0,11,16241,16241,16241,12144,11837,37975
2,313,312,1791080053539345,1791080053540808,1463,0,12,16355,16355,16355,12240,11976,38648
2,314,313,1791080053589345,1791080053591392,2047,0,13,16206,16206,16206,12272,12113,39181
2,315,314,1791080053639345,1791080053640906,1561,0,14,16266,16266,16266,12093,11929,38182
2,316,315,1791080053689345,1791080053691006,1661,0,15,16226,16226,16226,12185,11798,37854
2,317,316,1791080053739345,1791080053741344,1999,0,16,16332,16332,16332,12289,12156,39134
2,318,317,1791080053789345,1791080053790947,1602,0,17,16104,16104,16104,12162,11828,38844
2,319,318,1791080053839345,1791080053840854,1509,0,18,16358,16358,16358,12201,11692,38122
2,320,319,1791080053889345,1791080053890775,1430,0,19,16306,16306,16306,12255,11859,38816
2,321,320,1791080053939345,1791080053940798,1453,0,0,16101,16101,16101,12108,11970,38981
2,322,321,1791080053989345,1791080053991016,1671,0,1,16356,16356,16356,12280,11770,38819
2,323,322,1791080054039345,1791080054041657,2312,0,2,16230,16230,16230,12193,11451,37962
2,324,323,1791080054089345,1791080054090977,1632,0,3,16336,16336,16336,12339,11859,38579
2,325,324,1791080054139345,1791080054141184,1839,0,4,16218,16218,16218,12086,11897,37724
2,326,325,1791080054189345,1791080054191335,1990,0,5,16254,16254,16254,12285,11678,37554
2,327,326,1791080054239345,1791080054240853,1508,0,6,16134,16134,16134,12146,11947,37954
2,328,327,1791080054289345,1791080054291617,2272,0,7,16267,16267,16267,12189,12022,37822
2,329,328,1791080054339345,1791080054341632,2287,0,8,16351,16351,16351,12336,11823,37586
2,330,329,1791080054389345,1791080054391019,1674,0,9,16169,16169,16169,12074,11879,37508
2,331,330,1791080054439345,1791080054441143,1798,0,10,16190,16190,16190,12155,11889,38375
2,332,331,1791080054489345,1791080054491669,2324,0,11,16241,16241,16241,12226,12085,38311
2,333,332,1791080054539345,1791080054541474,2129,0,12,16355,16355,16355,12141,11890,37843
2,334,333,1791080054589345,1791080054593210,3865,0,13,16206,16206,16206,12171,11794,37576
2,335,334,1791080054639345,1791080054641315,1970,0,14,16266,16266,16266,12240,11824,37819
2,336,335,1791080054689345,1791080054691507,2162,0,15,16226,16226,16226,12269,11676,37484
2,337,336,1791080054739345,1791080054740797,1452,0,16,16332,16332,16332,12240,11801,38137
2,338,337,1791080054789345,1791080054790901,1556,0,17,16104,16104,16104,12180,11538,37246
2,339,338,1791080054839345,1791080054841298,1953,0,18,16358,16358,16358,12380,11987,37933
2,340,339,1791080054889345,1791080054890869,1524,0,19,16306,16306,16306,12215,11807,37395
2,341,340,1791080054939345,1791080054941499,2154,0,0,16101,16101,16101,12058,11888,36928
2,342,341,1791080054989345,1791080054990870,1525,0,1,16356,16356,16356,12319,11482,36715
2,343,342,1791080055039345,1791080055041736,2391,0,2,16230,16230,16230,12165,12049,37262
2,344,343,1791080055089345,1791080055091470,2125,0,3,16336,16336,16336,12329,11806,36708
2,345,344,1791080055139345,1791080055141553,2208,0,4,16218,16218,16218,12166,11782,36426
2,346,345,1791080055189345,1791080055191474,2129,0,5,16254,16254,16254,12193,11541,35885
2,347,346,1791080055239345,1791080055240822,1477,0,6,16134,16134,16134,12206,11618,36065
2,348,347,1791080055289345,1791080055291657,2312,0,7,16267,16267,16267,12170,11643,36128
2,349,348,1791080055339345,1791080055341019,1674,0,8,16351,16351,16351,12271,12142,37072
2,350,349,1791080055389345,1791080055391396,2051,0,9,16169,16169,16169,12216,12100,36975
2,351,350,1791080055439345,1791080055441213,1868,0,10,16190,16190,16190,12104,11770,36314
2,352,351,1791080055489345,1791080055491119,1774,0,11,16241,16241,16241,12151,11722,36485
2,353,352,1791080055539345,1791080055540795,1450,0,12,16355,16355,16355,12346,11725,36739
2,354,353,1791080055589345,1791080055591489,2144,0,13,16206,16206,16206,12167,11521,36206
2,355,354,1791080055639345,1791080055641689,2344,0,14,16266,16266,16266,12241,11873,37323
2,356,355,1791080055689345,1791080055690760,1415,0,15,16226,16226,16226,12136,11709,36481
2,357,356,1791080055739345,1791080055741761,2416,0,16,16332,16332,16332,12396,11947,37752
2,358,357,1791080055789345,1791080055791712,2367,0,17,16104,16104,16104,12144,11841,36355
2,359,358,1791080055839345,1791080055842628,3283,0,18,16358,16358,16358,12275,11997,36983
2,360,359,1791080055889345,1791080055891148,1803,0,19,16306,16306,16306,12315,11684,36544
2,361,360,1791080055939345,1791080055940774,1429,0,0,16101,16101,16101,12148,11632,37014
2,362,361,1791080055989345,1791080055991074,1729,0,1,16356,16356,16356,12323,11798,36995
2,363,362,1791080056039345,1791080056041525,2180,0,2,16230,16230,16230,12159,11955,36562
2,364,363,1791080056089345,1791080056091686,2341,0,3,16336,16336,16336,12212,12068,36856
2,365,364,1791080056139345,1791080056140876,1531,0,4,16218,16218,16218,12189,11890,36534
2,366,365,1791080056189345,1791080056191438,2093,0,5,16254,16254,16254,12159,11770,36131
2,367,366,1791080056239345,1791080056241441,2096,0,6,16134,16134,16134,12054,11625,35850
2,368,367,1791080056289345,1791080056291643,2298,0,7,16267,16267,16267,12205,12041,36793
2,369,368,1791080056339345,1791080056341147,1802,0,8,16351,16351,16351,12370,11850,37203
2,370,369,1791080056389345,1791080056391629,2284,0,9,16169,16169,16169,12116,12067,37029
2,371,370,1791080056439345,1791080056441041,1696,0,10,16190,16190,16190,12219,12052,36623
2,372,371,1791080056489345,1791080056490966,1621,0,11,16241,16241,16241,12159,12028,36370
2,373,372,1791080056539345,1791080056540952,1607,0,12,16355,16355,16355,12311,11868,36787
2,374,373,1791080056589345,1791080056591827,2482,0,13,16206,16206,16206,12196,11992,37386
2,375,374,1791080056639345,1791080056641643,2298,0,14,16266,16266,16266,12252,12137,37677
2,376,375,1791080056689345,1791080056691679,2334,0,15,16226,16226,16226,12201,11590,36992
2,377,376,1791080056739345,1791080056741686,2341,0,16,16332,16332,16332,12270,12070,37865
2,378,377,1791080056789345,1791080056791622,2277,0,17,16104,16104,16104,12167,11439,36823
2,379,378,1791080056839345,1791080056840991,1646,0,18,16358,16358,16358,12262,11813,37890
2,380,379,1791080056889345,1791080056890785,1440,0,19,16306,16306,16306,12309,12182,38205
2,381,380,1791080056939345,1791080056941343,1998,0,0,16101,16101,16101,12126,11552,37279
2,382,381,1791080056989345,1791080056991100,1755,0,1,16356,16356,16356,12283,11869,37973
2,383,382,1791080057039345,1791080057041001,1656,0,2,16230,16230,16230,12241,12024,37955
2,384,383,1791080057089345,1791080057090757,1412,0,3,16336,16336,16336,12353,12201,38096
2,385,384,1791080057139345,1791080057141678,2333,0,4,16218,16218,16218,12142,11960,37712
2,386,385,1791080057189345,1791080057190859,1514,0,5,16254,16254,16254,12119,11629,37422
2,387,386,1791080057239345,1791080057240989,1644,0,6,16134,16134,16134,12070,11896,37311
2,388,387,1791080057289345,1791080057290772,1427,0,7,16267,16267,16267,12301,12295,37789
2,389,388,1791080057339345,1791080057341017,1672,0,8,16351,16351,16351,12211,11662,36999
2,390,389,1791080057389345,1791080057390947,1602,0,9,16169,16169,16169,12144,11532,37138
2,391,390,1791080057439345,1791080057441238,1893,0,10,16190,16190,16190,12148,12051,38114
2,392,391,1791080057489345,1791080057491352,2007,0,11,16241,16241,16241,12264,12185,38243
2,393,392,1791080057539345,1791080057541159,1814,0,12,16355,16355,16355,12285,12172,37962
2,394,393,1791080057589345,1791080057591003,1658,0,13,16206,16206,16206,12272,12005,37904
2,395,394,1791080057639345,1791080057640944,1599,0,14,16266,16266,16266,12359,12019,38578
2,396,395,1791080057689345,1791080057690851,1506,0,15,16226,16226,16226,12243,12006,38472
2,397,396,1791080057739345,1791080057741572,2227,0,16,16332,16332,16332,12262,11665,38424
2,398,397,1791080057789345,1791080057791645,2300,0,17,16104,16104,16104,12113,11819,37820
2,399,398,1791080057839345,1791080057841220,1875,0,18,16358,16358,16358,12324,12132,38913
2,400,399,1791080057889345,1791080057890893,1548,0,19,16306,16306,16306,12245,12147,38813
2,401,400,1791080057939345,1791080057941325,1980,0,0,16101,16101,16101,12084,11624,38444
2,402,401,1791080057989345,1791080057990967,1622,0,1,16356,16356,16356,12284,11184,37573
2,403,402,1791080058039345,1791080058041712,2367,0,2,16230,16230,16230,12242,11982,39033
2,404,403,1791080058089345,1791080058090804,1459,0,3,16336,16336,16336,12304,12140,39026
2,405,404,1791080058139345,1791080058141455,2110,0,4,16218,16218,16218,12169,12019,38282
2,406,405,1791080058189345,1791080058191407,2062,0,5,16254,16254,16254,12173,11618,37967
2,407,406,1791080058239345,1791080058241077,1732,0,6,16134,16134,16134,12184,11928,38199
2,408,407,1791080058289345,1791080058291076,1731,0,7,16267,16267,16267,12163,11587,38111
2,409,408,1791080058339345,1791080058341339,1994,0,8,16351,16351,16351,12304,12025,39186
2,410,409,1791080058389345,1791080058391694,2349,0,9,16169,16169,16169,12122,11731,38475
2,411,410,1791080058439345,1791080058441561,2216,0,10,16190,16190,16190,12165,11693,38918
2,412,411,1791080058489345,1791080058490763,1418,0,11,16241,16241,16241,12257,11999,39035
2,413,412,1791080058539345,1791080058541075,1730,0,12,16355,16355,16355,12317,12231,39427
2,414,413,1791080058589345,1791080058591482,2137,0,13,16206,16206,16206,12259,12031,38789
2,415,414,1791080058639345,1791080058641601,2256,0,14,16266,16266,16266,12148,11699,38007
2,416,415,1791080058689345,1791080058691012,1667,0,15,16226,16226,16226,12152,11773,37909
2,417,416,1791080058739345,1791080058741479,2134,0,16,16332,16332,16332,12153,11670,38278
2,418,417,1791080058789345,1791080058791369,2024,0,17,16104,16104,16104,12099,11488,37340
2,419,418,1791080058839345,1791080058841427,2082,0,18,16358,16358,16358,12263,11985,38143
2,420,419,1791080058889345,1791080058891056,1711,0,19,16306,16306,16306,12262,11543,37364
2,421,420,1791080058939345,1791080058940831,1486,0,0,16101,16101,16101,12080,11635,37684
2,422,421,1791080058989345,1791080058990886,1541,0,1,16356,16356,16356,12277,11685,37523
2,423,422,1791080059039345,1791080059041129,1784,0,2,16230,16230,16230,12104,11811,37281
2,424,423,1791080059089345,1791080059090960,1615,0,3,16336,16336,16336,12304,11624,37080
2,425,424,1791080059139345,1791080059141068,1723,0,4,16218,16218,16218,12160,11753,36705
2,426,425,1791080059189345,1791080059192259,2914,0,5,16254,16254,16254,12140,11757,36163
2,427,426,1791080059239345,1791080059242672,3327,0,6,16134,16134,16134,12064,11458,35691
2,428,427,1791080059289345,1791080059291683,2338,0,7,16267,16267,16267,12266,12190,36788
2,429,428,1791080059339345,1791080059341745,2400,0,8,16351,16351,16351,12311,12226,37075
2,430,429,1791080059389345,1791080059390897,1552,0,9,16169,16169,16169,12181,11344,35740
2,431,430,1791080059439345,1791080059441329,1984,0,10,16190,16190,16190,12212,12036,37318
2,432,431,1791080059489345,1791080059491622,2277,0,11,16241,16241,16241,12081,11820,36126
2,433,432,1791080059539345,1791080059540974,1629,0,12,16355,16355,16355,12354,11633,36368
2,434,433,1791080059589345,1791080059591717,2372,0,13,16206,16206,16206,12237,11949,36981
2,435,434,1791080059639345,1791080059641192,1847,0,14,16266,16266,16266,12196,11817,36451
2,436,435,1791080059689345,1791080059690995,1650,0,15,16226,16226,16226,12255,12232,36843
2,437,436,1791080059739345,1791080059741445,2100,0,16,16332,16332,16332,12332,12068,36801
2,438,437,1791080059789345,1791080059791510,2165,0,17,16104,16104,16104,12085,12072,35954
2,439,438,1791080059839345,1791080059841396,2051,0,18,16358,16358,16358,12140,11991,36217
2,440,439,1791080059889345,1791080059890864,1519,0,19,16306,16306,16306,12260,12028,36900
2,441,440,1791080059939345,1791080059941521,2176,0,0,16101,16101,16101,12089,11452,35677
2,442,441,1791080059989345,1791080059991252,1907,0,1,16356,16356,16356,12243,12073,36791
2,443,442,1791080060039345,1791080060041570,2225,0,2,16230,16230,16230,12168,11816,35900
2,444,443,1791080060089345,1791080060090999,1654,0,3,16336,16336,16336,12266,11868,35787
2,445,444,1791080060139345,1791080060141548,2203,0,4,16218,16218,16218,12176,11670,35502
2,446,445,1791080060189345,1791080060191662,2317,0,5,16254,16254,16254,12251,11606,35468
2,447,446,1791080060239345,1791080060240915,1570,0,6,16134,16134,16134,12068,11862,35728
2,448,447,1791080060289345,1791080060290810,1465,0,7,16267,16267,16267,12333,12300,36224
2,449,448,1791080060339345,1791080060341228,1883,0,8,16351,16351,16351,12298,11980,35697
2,450,449,1791080060389345,1791080060391401,2056,0,9,16169,16169,16169,12120,11666,35295
2,451,450,1791080060439345,1791080060440892,1547,0,10,16190,16190,16190,12206,11972,35814
2,452,451,1791080060489345,1791080060491590,2245,0,11,16241,16241,16241,12093,11947,35818
2,453,452,1791080060539345,1791080060541740,2395,0,12,16355,16355,16355,12276,12045,36077
2,454,453,1791080060589345,1791080060591199,1854,0,13,16206,16206,16206,12074,11917,35459
2,455,454,1791080060639345,1791080060641088,1743,0,14,16266,16266,16266,12110,11949,35604
2,456,455,1791080060689345,1791080060690951,1606,0,15,16226,16226,16226,12216,11313,34926
2,457,456,1791080060739345,1791080060741649,2304,0,16,16332,16332,16332,12325,11966,36870
2,458,457,1791080060789345,1791080060790815,1470,0,17,16104,16104,16104,12220,11930,35884
2,459,458,1791080060839345,1791080060841749,2404,0,18,16358,16358,16358,12180,11984,35638
2,460,459,1791080060889345,1791080060890974,1629,0,19,16306,16306,16306,12186,11836,35404
2,461,460,1791080060939345,1791080060941533,2188,0,0,16101,16101,16101,12195,11984,35936
2,462,461,1791080060989345,1791080060991196,1851,0,1,16356,16356,16356,12241,11842,35774
2,463,462,1791080061039345,1791080061040899,1554,0,2,16230,16230,16230,12226,12158,35694
2,464,463,1791080061089345,1791080061091673,2328,0,3,16336,16336,16336,12297,11778,35588
2,465,464,1791080061139345,1791080061141526,2181,0,4,16218,16218,16218,12217,11756,35451
2,466,465,1791080061189345,1791080061190950,1605,0,5,16254,16254,16254,12207,12070,35515
2,467,466,1791080061239345,1791080061241011,1666,0,6,16134,16134,16134,12171,11516,34631
2,468,467,1791080061289345,1791080061290745,1400,0,7,16267,16267,16267,12216,11613,35337
2,469,468,1791080061339345,1791080061341204,1859,0,8,16351,16351,16351,12311,11881,35567
2,470,469,1791080061389345,1791080061391236,1891,0,9,16169,16169,16169,12152,11917,35751
2,471,470,1791080061439345,1791080061441208,1863,0,10,16190,16190,16190,12205,11634,35438
2,472,471,1791080061489345,1791080061520176,30831,0,11,16241,16241,16241,12275,11920,36332
2,473,472,1791080061539345,1791080061565692,26347,0,12,16355,16355,16355,12225,11949,35868
2,474,473,1791080061589345,1791080061609551,20206,0,13,16206,16206,16206,12144,12026,35607
2,475,474,1791080061639345,1791080061653537,14192,0,14,16266,16266,16266,12151,12032,35903
2,476,475,1791080061689345,1791080061698986,9641,0,15,16226,16226,16226,12213,11665,35686
2,477,476,1791080061739345,1791080061742431,3086,0,16,16332,16332,16332,12325,11857,36198
2,478,477,1791080061789345,1791080061793065,3720,0,17,16104,16104,16104,12101,11990,35669
2,479,478,1791080061839345,1791080061840901,1556,0,18,16358,16358,16358,12313,11794,35643
2,480,479,1791080061889345,1791080061891678,2333,0,19,16306,16306,16306,12305,11763,36149
2,481,480,1791080061939345,1791080061940774,1429,0,0,16101,16101,16101,12030,11795,35682
2,482,481,1791080061989345,1791080061991629,2284,0,1,16356,16356,16356,12277,11430,35549
2,483,482,1791080062039345,1791080062041121,1776,0,2,16230,16230,16230,12213,11739,36276
2,484,483,1791080062089345,1791080062091686,2341,0,3,16336,16336,16336,12352,11827,35960
2,485,484,1791080062139345,1791080062141179,1834,0,4,16218,16218,16218,12069,11825,35260
2,486,485,1791080062189345,1791080062191331,1986,0,5,16254,16254,16254,12248,12023,35697
2,487,486,1791080062239345,1791080062241252,1907,0,6,16134,16134,16134,12114,11838,35614
2,488,487,1791080062289345,1791080062290929,1584,0,7,16267,16267,16267,12130,12122,36106
2,489,488,1791080062339345,1791080062341371,2026,0,8,16351,16351,16351,12318,11851,35806
2,490,489,1791080062389345,1791080062390946,1601,0,9,16169,16169,16169,12156,11865,35748
2,491,490,1791080062439345,1791080062440854,1509,0,10,16190,16190,16190,12199,12128,36045
2,492,491,1791080062489345,1791080062490994,1649,0,11,16241,16241,16241,12157,11623,35464
2,493,492,1791080062539345,1791080062540899,1554,0,12,16355,16355,16355,12231,11959,36299
2,494,493,1791080062589345,1791080062591578,2233,0,13,16206,16206,16206,12120,11715,35688
2,495,494,1791080062639345,1791080062641348,2003,0,14,16266,16266,16266,12241,11687,36221
2,496,495,1791080062689345,1791080062691771,2426,0,15,16226,16226,16226,12150,11864,36027
2,497,496,1791080062739345,1791080062741227,1882,0,16,16332,16332,16332,12246,12059,36909
2,498,497,1791080062789345,1791080062791040,1695,0,17,16104,16104,16104,12050,11698,35777
2,499,498,1791080062839345,1791080062841109,1764,0,18,16358,16358,16358,12349,11778,36201
2,500,499,1791080062889345,1791080062891682,2337,0,19,16306,16306,16306,12271,12219,36498
2,501,500,1791080062939345,1791080062941565,2220,0,0,16101,16101,16101,12077,11902,35866
