logical_tick,intended_slot,intended_at_us,invoked_at_us,start_lateness_us,skipped_slots,bucket,actor_steps,actor_rows_updated,previous_steps_valid,orders_submitted,orders_filled,matched_share_volume,price_cents
0,1,1791125060195872,1791125060196949,1077,0,0,49940,49940,true,37418,34975,92262,9989
1,2,1791125060445872,1791125060467264,21392,0,1,50056,50056,true,37610,35027,92751,9976
2,3,1791125060695872,1791125060701648,5776,0,2,49850,49850,true,37358,35019,93092,9967
3,4,1791125060945872,1791125060946807,935,0,3,50177,50177,true,37806,35463,94029,9960
4,5,1791125061195872,1791125061196795,923,0,4,49759,49759,true,37249,34720,92248,9949
5,6,1791125061445872,1791125061446770,898,0,5,49894,49894,true,37519,35134,93405,9943
6,7,1791125061695872,1791125061696725,853,0,6,49980,49980,true,37365,34872,92188,9935
7,8,1791125061945872,1791125061947189,1317,0,7,49987,49987,true,37528,35067,93135,9927
8,9,1791125062195872,1791125062197068,1196,0,8,49986,49986,true,37590,35092,93394,9919
9,10,1791125062445872,1791125062447440,1568,0,9,49997,49997,true,37535,35118,93362,9915
10,11,1791125062695872,1791125062697794,1922,0,10,49950,49950,true,37600,35139,93125,9909
11,12,1791125062945872,1791125062958651,12779,0,11,49964,49964,true,37556,35063,93055,9902
12,13,1791125063195872,1791125063196856,984,0,12,50221,50221,true,37834,35386,93729,9897
13,14,1791125063445872,1791125063447089,1217,0,13,50039,50039,true,37562,35207,93621,9891
14,15,1791125063695872,1791125063696969,1097,0,14,50164,50164,true,37652,35302,93601,9891
15,16,1791125063945872,1791125063946917,1045,0,15,49771,49771,true,37378,35040,93034,9889
16,17,1791125064195872,1791125064197621,1749,0,16,50016,50016,true,37507,35200,93102,9887
17,18,1791125064445872,1791125064447542,1670,0,17,50003,50003,true,37578,35224,93368,9888
18,19,1791125064695872,1791125064697800,1928,0,18,50107,50107,true,37420,35027,92759,9889
19,20,1791125064945872,1791125064946780,908,0,19,50139,50139,true,37484,35150,93085,9888
20,21,1791125065195872,1791125065197408,1536,0,0,49940,49940,true,37482,35104,92881,9884
21,22,1791125065445872,1791125065446787,915,0,1,50056,50056,true,37420,34801,92473,9875
22,23,1791125065695872,1791125065697487,1615,0,2,49850,49850,true,37459,35026,93484,9865
23,24,1791125065945872,1791125065946929,1057,0,3,50177,50177,true,37654,35267,93391,9860
24,25,1791125066195872,1791125066196775,903,0,4,49759,49759,true,37257,34915,92622,9857
25,26,1791125066445872,1791125066447679,1807,0,5,49894,49894,true,37369,34858,92162,9851
26,27,1791125066695872,1791125066698111,2239,0,6,49980,49980,true,37496,34782,92447,9839
27,28,1791125066945872,1791125066947286,1414,0,7,49987,49987,true,37508,35146,94067,9835
28,29,1791125067195872,1791125067196782,910,0,8,49986,49986,true,37659,35146,93681,9829
29,30,1791125067445872,1791125067447359,1487,0,9,49997,49997,true,37546,34997,93252,9820
30,31,1791125067695872,1791125067697476,1604,0,10,49950,49950,true,37403,34986,93448,9816
31,32,1791125067945872,1791125067946993,1121,0,11,49964,49964,true,37315,34956,92780,9818
32,33,1791125068195872,1791125068197284,1412,0,12,50221,50221,true,37603,35111,92901,9812
33,34,1791125068445872,1791125068447470,1598,0,13,50039,50039,true,37446,35120,93461,9811
34,35,1791125068695872,1791125068696909,1037,0,14,50164,50164,true,37491,35103,93281,9813
35,36,1791125068945872,1791125068946917,1045,0,15,49771,49771,true,37279,34849,92599,9812
36,37,1791125069195872,1791125069197461,1589,0,16,50016,50016,true,37498,35040,93060,9808
37,38,1791125069445872,1791125069446842,970,0,17,50003,50003,true,37614,35158,93473,9805
38,39,1791125069695872,1791125069697404,1532,0,18,50107,50107,true,37658,35194,93350,9802
39,40,1791125069945872,1791125069946789,917,0,19,50139,50139,true,37622,35251,93719,9802
40,41,1791125070195872,1791125070196805,933,0,0,49940,49940,true,37444,34660,91891,9792
41,42,1791125070445872,1791125070453331,7459,0,1,50056,50056,true,37507,34979,93403,9785
42,43,1791125070695872,1791125070697154,1282,0,2,49850,49850,true,37511,34826,93227,9776
43,44,1791125070945872,1791125070947252,1380,0,3,50177,50177,true,37647,34988,93739,9767
44,45,1791125071195872,1791125071196996,1124,0,4,49759,49759,true,37523,35018,93482,9760
45,46,1791125071445872,1791125071447295,1423,0,5,49894,49894,true,37438,35042,93164,9762
46,47,1791125071695872,1791125071697552,1680,0,6,49980,49980,true,37568,35167,93208,9763
47,48,1791125071945872,1791125071965125,19253,0,7,49987,49987,true,37569,35062,93203,9760
48,49,1791125072195872,1791125072203897,8025,0,8,49986,49986,true,37371,34925,92789,9759
49,50,1791125072445872,1791125072447764,1892,0,9,49997,49997,true,37568,35121,93422,9757
50,51,1791125072695872,1791125072696847,975,0,10,49950,49950,true,37626,35073,93403,9752
51,52,1791125072945872,1791125073471653,525781,2,11,49964,49964,true,37480,35034,93155,9749
52,55,1791125073695872,1791125073719283,23411,0,12,50221,50221,true,37603,34795,92660,9740
53,56,1791125073945872,1791125073956693,10821,0,13,50039,50039,true,37730,35189,94352,9735
54,57,1791125074195872,1791125074197034,1162,0,14,50164,50164,true,37666,34918,93212,9728
55,58,1791125074445872,1791125074447448,1576,0,15,49771,49771,true,37356,34991,93744,9730
56,59,1791125074695872,1791125074697153,1281,0,16,50016,50016,true,37571,35103,93137,9731
57,60,1791125074945872,1791125074947754,1882,0,17,50003,50003,true,37607,35148,93309,9728
58,61,1791125075195872,1791125075196844,972,0,18,50107,50107,true,37592,35132,93555,9726
59,62,1791125075445872,1791125075447864,1992,0,19,50139,50139,true,37647,35005,93190,9720
60,63,1791125075695872,1791125075697024,1152,0,0,49940,49940,true,37504,34848,92881,9715
61,64,1791125075945872,1791125075946909,1037,0,1,50056,50056,true,37531,35167,93274,9717
62,65,1791125076195872,1791125076196970,1098,0,2,49850,49850,true,37294,34722,92107,9712
63,66,1791125076445872,1791125076447123,1251,0,3,50177,50177,true,37586,34938,92429,9708
64,67,1791125076695872,1791125076697705,1833,0,4,49759,49759,true,37223,34595,91958,9702
65,68,1791125076945872,1791125076947099,1227,0,5,49894,49894,true,37415,34944,92908,9702
66,69,1791125077195872,1791125077198120,2248,0,6,49980,49980,true,37451,35064,92916,9701
67,70,1791125077445872,1791125077447314,1442,0,7,49987,49987,true,37494,34903,92475,9697
68,71,1791125077695872,1791125077697101,1229,0,8,49986,49986,true,37432,34936,92556,9694
69,72,1791125077945872,1791125077948635,2763,0,9,49997,49997,true,37364,34806,92388,9693
70,73,1791125078195872,1791125078197670,1798,0,10,49950,49950,true,37540,35084,92865,9693
71,74,1791125078445872,1791125078447605,1733,0,11,49964,49964,true,37402,34930,92517,9694
72,75,1791125078695872,1791125078696752,880,0,12,50221,50221,true,37723,35113,92879,9692
73,76,1791125078945872,1791125078947948,2076,0,13,50039,50039,true,37439,34878,92454,9689
74,77,1791125079195872,1791125079197925,2053,0,14,50164,50164,true,37507,35075,93098,9686
75,78,1791125079445872,1791125079447500,1628,0,15,49771,49771,true,37329,34873,92307,9687
76,79,1791125079695872,1791125079696813,941,0,16,50016,50016,true,37401,35029,92969,9689
77,80,1791125079945872,1791125079947372,1500,0,17,50003,50003,true,37654,35206,93367,9688
78,81,1791125080195872,1791125080199465,3593,0,18,50107,50107,true,37669,35106,93165,9687
79,82,1791125080445872,1791125080452219,6347,0,19,50139,50139,true,37408,34782,92396,9685
80,83,1791125080695872,1791125080697457,1585,0,0,49940,49940,true,37334,34743,91417,9683
81,84,1791125080945872,1791125080948750,2878,0,1,50056,50056,true,37374,34633,90903,9677
82,85,1791125081195872,1791125081197606,1734,0,2,49850,49850,true,36890,34473,90843,9676
83,86,1791125081445872,1791125081447812,1940,0,3,50177,50177,true,37438,34888,91672,9672
84,87,1791125081695872,1791125081697075,1203,0,4,49759,49759,true,37161,34672,91251,9669
85,88,1791125081945872,1791125081946929,1057,0,5,49894,49894,true,37238,34727,91201,9665
86,89,1791125082195872,1791125082199632,3760,0,6,49980,49980,true,37348,34751,91155,9662
87,90,1791125082445872,1791125082448653,2781,0,7,49987,49987,true,37165,34560,91007,9657
88,91,1791125082695872,1791125082699270,3398,0,8,49986,49986,true,37306,34807,91711,9656
89,92,1791125082945872,1791125082947572,1700,0,9,49997,49997,true,37120,34486,90305,9653
90,93,1791125083195872,1791125083196764,892,0,10,49950,49950,true,37178,34463,90627,9647
91,94,1791125083445872,1791125083446912,1040,0,11,49964,49964,true,37277,34845,91765,9647
92,95,1791125083695872,1791125083697780,1908,0,12,50221,50221,true,37469,34969,91763,9648
93,96,1791125083945872,1791125083947143,1271,0,13,50039,50039,true,37178,34612,90692,9646
94,97,1791125084195872,1791125084196875,1003,0,14,50164,50164,true,37372,34937,91754,9649
95,98,1791125084445872,1791125084447707,1835,0,15,49771,49771,true,37140,34625,91069,9651
96,99,1791125084695872,1791125084697064,1192,0,16,50016,50016,true,37368,34865,91716,9652
97,100,1791125084945872,1791125084946955,1083,0,17,50003,50003,true,37415,35055,91966,9657
98,101,1791125085195872,1791125085197078,1206,0,18,50107,50107,true,37343,34739,91377,9655
99,102,1791125085445872,1791125085447101,1229,0,19,50139,50139,true,37391,34886,91878,9655
100,103,1791125085695872,1791125085697024,1152,0,0,49940,49940,true,36809,34234,89768,9653
101,104,1791125085945872,1791125085947349,1477,0,1,50056,50056,true,36695,34211,88771,9653
102,105,1791125086195872,1791125086196762,890,0,2,49850,49850,true,36305,33679,87482,9650
103,106,1791125086445872,1791125086446920,1048,0,3,50177,50177,true,36752,34309,89284,9648
104,107,1791125086695872,1791125086696843,971,0,4,49759,49759,true,36456,33971,88661,9647
105,108,1791125086945872,1791125086946946,1074,0,5,49894,49894,true,36607,34164,88928,9647
106,109,1791125087195872,1791125087196900,1028,0,6,49980,49980,true,36828,34345,89395,9649
107,110,1791125087445872,1791125087446702,830,0,7,49987,49987,true,36692,34183,88802,9649
108,111,1791125087695872,1791125087697416,1544,0,8,49986,49986,true,36854,34172,88911,9642
109,112,1791125087945872,1791125087947081,1209,0,9,49997,49997,true,36675,33994,89065,9637
110,113,1791125088195872,1791125088197635,1763,0,10,49950,49950,true,36901,34261,89637,9634
111,114,1791125088445872,1791125088447367,1495,0,11,49964,49964,true,36774,34289,88972,9634
112,115,1791125088695872,1791125088696744,872,0,12,50221,50221,true,37080,34474,89834,9634
113,116,1791125088945872,1791125088947078,1206,0,13,50039,50039,true,36673,34237,88806,9634
114,117,1791125089195872,1791125089197436,1564,0,14,50164,50164,true,36799,34078,88945,9628
115,118,1791125089445872,1791125089451483,5611,0,15,49771,49771,true,36668,34166,89420,9629
116,119,1791125089695872,1791125089696822,950,0,16,50016,50016,true,36804,34249,89158,9628
117,120,1791125089945872,1791125089946804,932,0,17,50003,50003,true,36805,34250,89334,9626
118,121,1791125090195872,1791125090197286,1414,0,18,50107,50107,true,36865,34409,89916,9626
119,122,1791125090445872,1791125090446771,899,0,19,50139,50139,true,36965,34192,89189,9620
120,123,1791125090695872,1791125090696914,1042,0,0,49940,49940,true,36292,33773,87968,9617
121,124,1791125090945872,1791125090951742,5870,0,1,50056,50056,true,36060,33584,86361,9616
122,125,1791125091195872,1791125091196902,1030,0,2,49850,49850,true,35640,33075,85305,9613
123,126,1791125091445872,1791125091447108,1236,0,3,50177,50177,true,36065,33587,86177,9613
124,127,1791125091695872,1791125091697027,1155,0,4,49759,49759,true,35818,33056,85626,9607
125,128,1791125091945872,1791125091951062,5190,0,5,49894,49894,true,35833,33378,86495,9603
126,129,1791125092195872,1791125092196900,1028,0,6,49980,49980,true,36256,33677,86978,9600
127,130,1791125092445872,1791125092446992,1120,0,7,49987,49987,true,35964,33444,86503,9599
128,131,1791125092695872,1791125092697018,1146,0,8,49986,49986,true,36001,33334,86292,9596
129,132,1791125092945872,1791125092946889,1017,0,9,49997,49997,true,35826,33284,85966,9594
130,133,1791125093195872,1791125093210017,14145,0,10,49950,49950,true,36052,33487,86612,9592
131,134,1791125093445872,1791125093447999,2127,0,11,49964,49964,true,35991,33436,86174,9592
132,135,1791125093695872,1791125093697674,1802,0,12,50221,50221,true,36409,33777,87248,9591
133,136,1791125093945872,1791125093950232,4360,0,13,50039,50039,true,36129,33325,85875,9585
134,137,1791125094195872,1791125094197555,1683,0,14,50164,50164,true,36057,33459,87069,9580
135,138,1791125094445872,1791125094446893,1021,0,15,49771,49771,true,36034,33655,87373,9584
136,139,1791125094695872,1791125094698577,2705,0,16,50016,50016,true,36333,33787,87449,9585
137,140,1791125094945872,1791125094947535,1663,0,17,50003,50003,true,36364,33770,87653,9585
138,141,1791125095195872,1791125095199279,3407,0,18,50107,50107,true,36410,33895,87848,9585
139,142,1791125095445872,1791125095450821,4949,0,19,50139,50139,true,36394,33695,87779,9581
140,143,1791125095695872,1791125095705229,9357,0,0,49940,49940,true,35512,33018,85103,9581
141,144,1791125095945872,1791125095969981,24109,0,1,50056,50056,true,35373,32881,83813,9582
142,145,1791125096195872,1791125096210907,15035,0,2,49850,49850,true,35112,32748,84031,9585
143,146,1791125096445872,1791125096447806,1934,0,3,50177,50177,true,35339,32924,84278,9590
144,147,1791125096695872,1791125096697220,1348,0,4,49759,49759,true,35219,32484,83500,9586
145,148,1791125096945872,1791125096958305,12433,0,5,49894,49894,true,35022,32639,83357,9587
146,149,1791125097195872,1791125097208983,13111,0,6,49980,49980,true,35570,33015,84553,9588
147,150,1791125097445872,1791125097447624,1752,0,7,49987,49987,true,35289,32691,83584,9586
148,151,1791125097695872,1791125097696983,1111,0,8,49986,49986,true,35277,32927,84582,9591
149,152,1791125097945872,1791125097946906,1034,0,9,49997,49997,true,35354,32717,84053,9588
150,153,1791125098195872,1791125098197430,1558,0,10,49950,49950,true,35207,32801,84346,9591
151,154,1791125098445872,1791125098446907,1035,0,11,49964,49964,true,35323,32645,83910,9591
152,155,1791125098695872,1791125098702825,6953,0,12,50221,50221,true,35720,33071,84847,9590
153,156,1791125098945872,1791125099050784,104912,0,13,50039,50039,true,35040,32512,83172,9592
154,157,1791125099195872,1791125099289926,94054,0,14,50164,50164,true,35340,32812,83824,9593
155,158,1791125099445872,1791125099527190,81318,0,15,49771,49771,true,35372,32837,84476,9592
156,159,1791125099695872,1791125099762363,66491,0,16,50016,50016,true,35788,33204,85700,9592
157,160,1791125099945872,1791125100007533,61661,0,17,50003,50003,true,35485,32982,84678,9593
158,161,1791125100195872,1791125100248326,52454,0,18,50107,50107,true,35677,33105,85288,9592
159,162,1791125100445872,1791125100486319,40447,0,19,50139,50139,true,35551,32874,84654,9591
160,163,1791125100695872,1791125100734391,38519,0,0,49940,49940,true,35069,32479,83104,9589
161,164,1791125100945872,1791125100987480,41608,0,1,50056,50056,true,34548,32113,81468,9591
162,165,1791125101195872,1791125101239049,43177,0,2,49850,49850,true,34514,31859,81441,9589
163,166,1791125101445872,1791125101546603,100731,0,3,50177,50177,true,34461,31969,80856,9590
164,167,1791125101695872,1791125101793943,98071,0,4,49759,49759,true,34540,32062,81547,9589
165,168,1791125101945872,1791125102037009,91137,0,5,49894,49894,true,34305,31664,80479,9583
166,169,1791125102195872,1791125102274915,79043,0,6,49980,49980,true,34756,32327,82595,9581
167,170,1791125102445872,1791125102514924,69052,0,7,49987,49987,true,34484,31869,81233,9576
168,171,1791125102695872,1791125102760798,64926,0,8,49986,49986,true,34312,31958,81338,9580
169,172,1791125102945872,1791125103000678,54806,0,9,49997,49997,true,34805,32075,81939,9577
170,173,1791125103195872,1791125103239248,43376,0,10,49950,49950,true,34343,31951,81502,9575
171,174,1791125103445872,1791125103474426,28554,0,11,49964,49964,true,34608,32080,81514,9578
172,175,1791125103695872,1791125103722010,26138,0,12,50221,50221,true,34932,32437,82938,9580
173,176,1791125103945872,1791125103976974,31102,0,13,50039,50039,true,34347,31758,80732,9580
174,177,1791125104195872,1791125104214628,18756,0,14,50164,50164,true,34446,31996,81237,9582
175,178,1791125104445872,1791125104453476,7604,0,15,49771,49771,true,34669,32158,82151,9583
176,179,1791125104695872,1791125104696820,948,0,16,50016,50016,true,35032,32519,83197,9583
177,180,1791125104945872,1791125104947314,1442,0,17,50003,50003,true,34769,32194,82215,9582
178,181,1791125105195872,1791125105197660,1788,0,18,50107,50107,true,34917,32351,82886,9580
179,182,1791125105445872,1791125105447023,1151,0,19,50139,50139,true,34627,32071,81741,9579
180,183,1791125105695872,1791125105696806,934,0,0,49940,49940,true,34193,31509,80008,9574
181,184,1791125105945872,1791125105947595,1723,0,1,50056,50056,true,33436,30969,78298,9575
182,185,1791125106195872,1791125106197714,1842,0,2,49850,49850,true,33731,31250,79025,9577
183,186,1791125106445872,1791125106447047,1175,0,3,50177,50177,true,33757,31067,78022,9575
184,187,1791125106695872,1791125106696961,1089,0,4,49759,49759,true,33503,30984,78362,9572
185,188,1791125106945872,1791125106946881,1009,0,5,49894,49894,true,33641,31181,78867,9572
186,189,1791125107195872,1791125107197157,1285,0,6,49980,49980,true,33931,31393,79772,9571
187,190,1791125107445872,1791125107449174,3302,0,7,49987,49987,true,33870,31003,78279,9564
188,191,1791125107695872,1791125107697707,1835,0,8,49986,49986,true,33061,30755,77784,9569
189,192,1791125107945872,1791125107946757,885,0,9,49997,49997,true,33953,31323,79532,9567
190,193,1791125108195872,1791125108197113,1241,0,10,49950,49950,true,33597,31122,78638,9568
191,194,1791125108445872,1791125108447243,1371,0,11,49964,49964,true,33864,31378,79392,9569
192,195,1791125108695872,1791125108696732,860,0,12,50221,50221,true,34261,31440,80034,9563
193,196,1791125108945872,1791125108947737,1865,0,13,50039,50039,true,33372,31060,78703,9567
194,197,1791125109195872,1791125109196819,947,0,14,50164,50164,true,34139,31493,79783,9565
195,198,1791125109445872,1791125109447558,1686,0,15,49771,49771,true,34088,31604,80255,9564
196,199,1791125109695872,1791125109697266,1394,0,16,50016,50016,true,34468,31920,81144,9563
197,200,1791125109945872,1791125110617419,671547,2,17,50003,50003,true,33986,31449,80018,9563
198,203,1791125110695872,1791125110868629,172757,0,18,50107,50107,true,34151,31452,79392,9557
199,204,1791125110945872,1791125111117938,172066,0,19,50139,50139,true,33873,31361,79827,9555
200,205,1791125111195872,1791125111355882,160010,0,0,49940,49940,true,33555,31197,78875,9557
201,206,1791125111445872,1791125111585622,139750,0,1,50056,50056,true,32986,30344,76399,9557
202,207,1791125111695872,1791125111814408,118536,0,2,49850,49850,true,32821,30234,76220,9554
203,208,1791125111945872,1791125112052561,106689,0,3,50177,50177,true,32863,30412,76301,9554
204,209,1791125112195872,1791125112289684,93812,0,4,49759,49759,true,32665,30226,76141,9554
205,210,1791125112445872,1791125112524340,78468,0,5,49894,49894,true,32909,30384,76127,9551
206,211,1791125112695872,1791125112756056,60184,0,6,49980,49980,true,33194,30747,77544,9553
207,212,1791125112945872,1791125112989080,43208,0,7,49987,49987,true,33133,30593,76993,9553
208,213,1791125113195872,1791125113218087,22215,0,8,49986,49986,true,32583,29967,75218,9553
209,214,1791125113445872,1791125113446798,926,0,9,49997,49997,true,33417,30913,78097,9553
210,215,1791125113695872,1791125113697028,1156,0,10,49950,49950,true,33115,30594,76708,9551
211,216,1791125113945872,1791125113947394,1522,0,11,49964,49964,true,33169,30624,77262,9549
212,217,1791125114195872,1791125114197059,1187,0,12,50221,50221,true,33797,31344,78936,9550
213,218,1791125114445872,1791125114447836,1964,0,13,50039,50039,true,32791,30393,76204,9553
214,219,1791125114695872,1791125114696773,901,0,14,50164,50164,true,33365,30897,78082,9557
215,220,1791125114945872,1791125114947192,1320,0,15,49771,49771,true,33565,31137,78843,9559
216,221,1791125115195872,1791125115196821,949,0,16,50016,50016,true,33741,31137,78760,9557
217,222,1791125115445872,1791125115447725,1853,0,17,50003,50003,true,33415,30967,78218,9556
218,223,1791125115695872,1791125115696904,1032,0,18,50107,50107,true,33392,30850,77647,9556
219,224,1791125115945872,1791125115947605,1733,0,19,50139,50139,true,33102,30662,77082,9555
220,225,1791125116195872,1791125116197484,1612,0,0,49940,49940,true,32941,30414,76467,9553
221,226,1791125116445872,1791125116447072,1200,0,1,50056,50056,true,32462,29797,74435,9548
222,227,1791125116695872,1791125116697147,1275,0,2,49850,49850,true,31939,29444,73765,9545
223,228,1791125116945872,1791125116946823,951,0,3,50177,50177,true,31961,29644,73861,9550
224,229,1791125117195872,1791125117197153,1281,0,4,49759,49759,true,32421,29839,75032,9548
225,230,1791125117445872,1791125117447074,1202,0,5,49894,49894,true,32359,29835,74615,9546
226,231,1791125117695872,1791125117697901,2029,0,6,49980,49980,true,32481,29855,74977,9544
227,232,1791125117945872,1791125117946802,930,0,7,49987,49987,true,32360,29929,75086,9548
228,233,1791125118195872,1791125118197192,1320,0,8,49986,49986,true,32325,29887,74767,9552
229,234,1791125118445872,1791125118447783,1911,0,9,49997,49997,true,32827,30074,75769,9547
230,235,1791125118695872,1791125118697158,1286,0,10,49950,49950,true,32127,29719,74355,9549
231,236,1791125118945872,1791125118947194,1322,0,11,49964,49964,true,32623,30202,75583,9551
232,237,1791125119195872,1791125119197644,1772,0,12,50221,50221,true,33055,30356,76299,9547
233,238,1791125119445872,1791125119447452,1580,0,13,50039,50039,true,32047,29659,74081,9549
234,239,1791125119695872,1791125119700646,4774,0,14,50164,50164,true,32638,30234,75844,9554
235,240,1791125119945872,1791125119946865,993,0,15,49771,49771,true,33127,30799,77812,9559
236,241,1791125120195872,1791125120201890,6018,0,16,50016,50016,true,33328,30759,77797,9558
237,242,1791125120445872,1791125120447383,1511,0,17,50003,50003,true,32505,30112,75484,9562
238,243,1791125120695872,1791125120702524,6652,0,18,50107,50107,true,32975,30469,76565,9565
239,244,1791125120945872,1791125120947625,1753,0,19,50139,50139,true,32791,30069,75570,9561
240,245,1791125121195872,1791125121197124,1252,0,0,49940,49940,true,32132,29801,74475,9561
241,246,1791125121445872,1791125121447228,1356,0,1,50056,50056,true,31850,29342,73331,9560
242,247,1791125121695872,1791125121697514,1642,0,2,49850,49850,true,31329,28848,71645,9559
243,248,1791125121945872,1791125121946975,1103,0,3,50177,50177,true,31482,28895,71494,9556
244,249,1791125122195872,1791125122197180,1308,0,4,49759,49759,true,31466,28998,72496,9553
245,250,1791125122445872,1791125122447454,1582,0,5,49894,49894,true,31513,29118,72229,9551
246,251,1791125122695872,1791125122702056,6184,0,6,49980,49980,true,31857,29426,73374,9549
247,252,1791125122945872,1791125122946989,1117,0,7,49987,49987,true,31717,29420,73210,9550
248,253,1791125123195872,1791125123197575,1703,0,8,49986,49986,true,31764,29345,73156,9553
249,254,1791125123445872,1791125123450062,4190,0,9,49997,49997,true,32269,29598,74081,9550
250,255,1791125123695872,1791125123697031,1159,0,10,49950,49950,true,31499,29148,72339,9550
251,256,1791125123945872,1791125123947293,1421,0,11,49964,49964,true,32215,29710,74478,9549
252,257,1791125124195872,1791125124197558,1686,0,12,50221,50221,true,32454,29847,74630,9547
253,258,1791125124445872,1791125124447269,1397,0,13,50039,50039,true,31281,28668,71029,9543
254,259,1791125124695872,1791125124697269,1397,0,14,50164,50164,true,31636,29037,72470,9539
255,260,1791125124945872,1791125124948209,2337,0,15,49771,49771,true,32397,30133,75698,9545
256,261,1791125125195872,1791125125196967,1095,0,16,50016,50016,true,32975,30480,76958,9546
257,262,1791125125445872,1791125125447157,1285,0,17,50003,50003,true,32172,29651,74131,9545
258,263,1791125125695872,1791125125697382,1510,0,18,50107,50107,true,32218,29637,74218,9545
259,264,1791125125945872,1791125125947847,1975,0,19,50139,50139,true,31948,29473,73599,9545
260,265,1791125126195872,1791125126197220,1348,0,0,49940,49940,true,31628,29199,72712,9547
261,266,1791125126445872,1791125126447026,1154,0,1,50056,50056,true,31747,29155,72421,9544
262,267,1791125126695872,1791125126697465,1593,0,2,49850,49850,true,30755,28356,70375,9545
263,268,1791125126945872,1791125126953724,7852,0,3,50177,50177,true,31183,28720,70762,9547
264,269,1791125127195872,1791125127201393,5521,0,4,49759,49759,true,30898,28460,70744,9547
265,270,1791125127445872,1791125127453377,7505,0,5,49894,49894,true,31137,28772,71094,9549
266,271,1791125127695872,1791125127697644,1772,0,6,49980,49980,true,31593,28960,72013,9546
267,272,1791125127945872,1791125127946991,1119,0,7,49987,49987,true,30859,28432,70191,9546
268,273,1791125128195872,1791125128197171,1299,0,8,49986,49986,true,31076,28404,70358,9543
269,274,1791125128445872,1791125128447261,1389,0,9,49997,49997,true,31426,28921,71978,9541
270,275,1791125128695872,1791125128696821,949,0,10,49950,49950,true,31008,28648,70911,9544
271,276,1791125128945872,1791125128947778,1906,0,11,49964,49964,true,31643,29179,72664,9545
272,277,1791125129195872,1791125129197523,1651,0,12,50221,50221,true,31751,29274,72577,9546
273,278,1791125129445872,1791125129461759,15887,0,13,50039,50039,true,30801,28308,69990,9545
274,279,1791125129695872,1791125129699662,3790,0,14,50164,50164,true,31046,28595,70909,9545
275,280,1791125129945872,1791125129947427,1555,0,15,49771,49771,true,31865,29517,73398,9548
276,281,1791125130195872,1791125130197162,1290,0,16,50016,50016,true,32766,30249,76246,9547
277,282,1791125130445872,1791125130447608,1736,0,17,50003,50003,true,31522,29202,72609,9551
278,283,1791125130695872,1791125130697589,1717,0,18,50107,50107,true,31900,29413,73589,9552
279,284,1791125130945872,1791125130947923,2051,0,19,50139,50139,true,31593,28958,72124,9549
280,285,1791125131195872,1791125131197180,1308,0,0,49940,49940,true,31016,28557,70574,9547
281,286,1791125131445872,1791125131446794,922,0,1,50056,50056,true,30778,28328,69978,9546
282,287,1791125131695872,1791125131697410,1538,0,2,49850,49850,true,30096,27613,68376,9543
283,288,1791125131945872,1791125131948336,2464,0,3,50177,50177,true,30338,27784,68273,9540
284,289,1791125132195872,1791125132197690,1818,0,4,49759,49759,true,30127,27822,68704,9544
285,290,1791125132445872,1791125132447824,1952,0,5,49894,49894,true,31129,28849,71453,9548
286,291,1791125132695872,1791125132697642,1770,0,6,49980,49980,true,31384,28931,71806,9548
287,292,1791125132945872,1791125132946927,1055,0,7,49987,49987,true,30452,28071,69115,9549
288,293,1791125133195872,1791125133197012,1140,0,8,49986,49986,true,30848,28358,70212,9549
289,294,1791125133445872,1791125133447756,1884,0,9,49997,49997,true,30649,28006,69540,9546
290,295,1791125133695872,1791125133697769,1897,0,10,49950,49950,true,30059,27843,68333,9547
291,296,1791125133945872,1791125133947125,1253,0,11,49964,49964,true,31360,29000,72071,9552
292,297,1791125134195872,1791125134198538,2666,0,12,50221,50221,true,31549,28983,72477,9551
293,298,1791125134445872,1791125134447301,1429,0,13,50039,50039,true,30287,27645,68209,9546
294,299,1791125134695872,1791125134697762,1890,0,14,50164,50164,true,30370,28047,68998,9548
295,300,1791125134945872,1791125134947347,1475,0,15,49771,49771,true,31484,29089,72536,9547
296,301,1791125135195872,1791125135197207,1335,0,16,50016,50016,true,31959,29163,73250,9540
297,302,1791125135445872,1791125135447130,1258,0,17,50003,50003,true,30363,28127,69418,9544
298,303,1791125135695872,1791125135696969,1097,0,18,50107,50107,true,31432,28898,71965,9544
299,304,1791125135945872,1791125135946750,878,0,19,50139,50139,true,30821,28249,70201,9541
300,305,1791125136195872,1791125136197791,1919,0,0,49940,49940,true,30473,28156,69215,9542
301,306,1791125136445872,1791125136446882,1010,0,1,50056,50056,true,30507,27700,68434,9535
302,307,1791125136695872,1791125136697138,1266,0,2,49850,49850,true,28987,26652,65474,9533
303,308,1791125136945872,1791125136946875,1003,0,3,50177,50177,true,29734,27282,66626,9532
304,309,1791125137195872,1791125137197369,1497,0,4,49759,49759,true,29441,27002,66718,9532
305,310,1791125137445872,1791125137447002,1130,0,5,49894,49894,true,30437,27911,68716,9527
306,311,1791125137695872,1791125137697350,1478,0,6,49980,49980,true,30646,28398,70450,9529
307,312,1791125137945872,1791125137947233,1361,0,7,49987,49987,true,30210,27631,68309,9529
308,313,1791125138195872,1791125138197551,1679,0,8,49986,49986,true,30063,27658,67869,9531
309,314,1791125138445872,1791125138446792,920,0,9,49997,49997,true,30422,27832,68872,9530
310,315,1791125138695872,1791125138696976,1104,0,10,49950,49950,true,29741,27549,67194,9534
311,316,1791125138945872,1791125138946860,988,0,11,49964,49964,true,31182,28759,71280,9536
312,317,1791125139195872,1791125139197366,1494,0,12,50221,50221,true,31373,28649,71042,9531
313,318,1791125139445872,1791125139447330,1458,0,13,50039,50039,true,29280,27009,65851,9533
314,319,1791125139695872,1791125139697326,1454,0,14,50164,50164,true,30130,27602,67723,9531
315,320,1791125139945872,1791125139947309,1437,0,15,49771,49771,true,30818,28589,70684,9535
316,321,1791125140195872,1791125140197036,1164,0,16,50016,50016,true,32009,29437,73530,9535
317,322,1791125140445872,1791125140447274,1402,0,17,50003,50003,true,29998,27776,67799,9542
318,323,1791125140695872,1791125140697449,1577,0,18,50107,50107,true,31577,28953,72337,9540
319,324,1791125140945872,1791125140948192,2320,0,19,50139,50139,true,30198,27662,67862,9537
320,325,1791125141195872,1791125141196786,914,0,0,49940,49940,true,29838,27606,67436,9540
321,326,1791125141445872,1791125141446932,1060,0,1,50056,50056,true,30340,27867,68737,9541
322,327,1791125141695872,1791125141697056,1184,0,2,49850,49850,true,29001,26686,65293,9543
323,328,1791125141945872,1791125141947028,1156,0,3,50177,50177,true,29719,27369,67005,9547
324,329,1791125142195872,1791125142196812,940,0,4,49759,49759,true,29593,27198,67035,9547
325,330,1791125142445872,1791125142447715,1843,0,5,49894,49894,true,30034,27693,67601,9546
326,331,1791125142695872,1791125142697741,1869,0,6,49980,49980,true,30143,27808,68154,9550
327,332,1791125142945872,1791125142951995,6123,0,7,49987,49987,true,30296,27832,68659,9551
328,333,1791125143195872,1791125143301055,105183,0,8,49986,49986,true,29660,27168,66809,9550
329,334,1791125143445872,1791125143546719,100847,0,9,49997,49997,true,29843,27241,67050,9546
330,335,1791125143695872,1791125143791584,95712,0,10,49950,49950,true,29128,26922,65309,9548
331,336,1791125143945872,1791125144030534,84662,0,11,49964,49964,true,30968,28551,71008,9551
332,337,1791125144195872,1791125144262427,66555,0,12,50221,50221,true,30853,28401,70185,9549
333,338,1791125144445872,1791125144494933,49061,0,13,50039,50039,true,29093,26641,65022,9549
334,339,1791125144695872,1791125144722592,26720,0,14,50164,50164,true,29566,27038,66189,9548
335,340,1791125144945872,1791125144966325,20453,0,15,49771,49771,true,30505,28108,69328,9549
336,341,1791125145195872,1791125145199394,3522,0,16,50016,50016,true,31357,28888,71849,9549
337,342,1791125145445872,1791125145447067,1195,0,17,50003,50003,true,29792,27447,67239,9553
338,343,1791125145695872,1791125145698518,2646,0,18,50107,50107,true,31322,28734,71358,9552
339,344,1791125145945872,1791125145947351,1479,0,19,50139,50139,true,29650,27167,66541,9552
340,345,1791125146195872,1791125146197363,1491,0,0,49940,49940,true,29534,27259,66784,9552
341,346,1791125146445872,1791125146456130,10258,0,1,50056,50056,true,30197,27705,68170,9552
342,347,1791125146695872,1791125146702505,6633,0,2,49850,49850,true,28725,26248,64285,9550
343,348,1791125146945872,1791125147592784,646912,2,3,50177,50177,true,29096,26649,64888,9547
344,351,1791125147695872,1791125147837820,141948,0,4,49759,49759,true,28951,26523,64790,9545
345,352,1791125147945872,1791125148075638,129766,0,5,49894,49894,true,29649,27236,66289,9543
346,353,1791125148195872,1791125148308421,112549,0,6,49980,49980,true,29402,27060,66142,9543
347,354,1791125148445872,1791125148542957,97085,0,7,49987,49987,true,29834,27206,66825,9539
348,355,1791125148695872,1791125148774460,78588,0,8,49986,49986,true,28761,26423,64474,9539
349,356,1791125148945872,1791125149006118,60246,0,9,49997,49997,true,29530,26999,66211,9539
350,357,1791125149195872,1791125149240392,44520,0,10,49950,49950,true,28990,26698,64916,9540
351,358,1791125149445872,1791125149475042,29170,0,11,49964,49964,true,30581,28076,69640,9540
352,359,1791125149695872,1791125149703997,8125,0,12,50221,50221,true,30562,27908,68752,9536
353,360,1791125149945872,1791125149946771,899,0,13,50039,50039,true,28362,26011,62845,9536
354,361,1791125150195872,1791125150197692,1820,0,14,50164,50164,true,29200,26826,65368,9538
355,362,1791125150445872,1791125150446838,966,0,15,49771,49771,true,30233,27955,68582,9541
356,363,1791125150695872,1791125150697583,1711,0,16,50016,50016,true,31024,28672,71297,9543
357,364,1791125150945872,1791125150960093,14221,0,17,50003,50003,true,29671,27348,67133,9546
358,365,1791125151195872,1791125151224937,29065,0,18,50107,50107,true,30959,28405,70208,9544
359,366,1791125151445872,1791125151463484,17612,0,19,50139,50139,true,29273,26842,65387,9543
360,367,1791125151695872,1791125151699432,3560,0,0,49940,49940,true,29397,27163,66262,9547
361,368,1791125151945872,1791125151958872,13000,0,1,50056,50056,true,30213,27621,67937,9543
362,369,1791125152195872,1791125152212406,16534,0,2,49850,49850,true,28134,25806,62381,9543
363,370,1791125152445872,1791125152455662,9790,0,3,50177,50177,true,28725,26415,64050,9545
364,371,1791125152695872,1791125152726039,30167,0,4,49759,49759,true,28913,26502,64882,9547
365,372,1791125152945872,1791125152979187,33315,0,5,49894,49894,true,29397,27131,65921,9547
366,373,1791125153195872,1791125153233944,38072,0,6,49980,49980,true,29353,27071,66036,9550
367,374,1791125153445872,1791125153468932,23060,0,7,49987,49987,true,29791,27313,67168,9547
368,375,1791125153695872,1791125153719215,23343,0,8,49986,49986,true,28384,26077,63363,9548
369,376,1791125153945872,1791125153947444,1572,0,9,49997,49997,true,29116,26706,65305,9551
370,377,1791125154195872,1791125154197287,1415,0,10,49950,49950,true,29493,27157,66277,9550
371,378,1791125154445872,1791125154446787,915,0,11,49964,49964,true,30253,27725,68341,9546
372,379,1791125154695872,1791125154704044,8172,0,12,50221,50221,true,29778,27214,66588,9542
373,380,1791125154945872,1791125154961849,15977,0,13,50039,50039,true,27775,25539,61843,9548
374,381,1791125155195872,1791125155213658,17786,0,14,50164,50164,true,29621,26969,66582,9545
375,382,1791125155445872,1791125155466001,20129,0,15,49771,49771,true,29548,27375,66853,9549
376,383,1791125155695872,1791125155712052,16180,0,16,50016,50016,true,30875,28288,70386,9547
377,384,1791125155945872,1791125155959093,13221,0,17,50003,50003,true,29109,26842,65644,9555
378,385,1791125156195872,1791125156197204,1332,0,18,50107,50107,true,30989,28476,70828,9553
379,386,1791125156445872,1791125156447683,1811,0,19,50139,50139,true,28837,26534,64411,9557
380,387,1791125156695872,1791125156697382,1510,0,0,49940,49940,true,29681,27385,67187,9556
381,388,1791125156945872,1791125156948919,3047,0,1,50056,50056,true,29619,27129,66453,9554
382,389,1791125157195872,1791125157197860,1988,0,2,49850,49850,true,27665,25228,61029,9553
383,390,1791125157445872,1791125157447760,1888,0,3,50177,50177,true,28168,25837,62482,9555
384,391,1791125157695872,1791125157697293,1421,0,4,49759,49759,true,28742,26174,63946,9550
385,392,1791125157945872,1791125157947304,1432,0,5,49894,49894,true,28558,26353,63769,9551
386,393,1791125158195872,1791125158216103,20231,0,6,49980,49980,true,29495,27178,66260,9556
387,394,1791125158445872,1791125158456808,10936,0,7,49987,49987,true,29951,27593,67995,9557
388,395,1791125158695872,1791125158697570,1698,0,8,49986,49986,true,28822,26347,64013,9558
389,396,1791125158945872,1791125158952493,6621,0,9,49997,49997,true,28672,25998,63673,9551
390,397,1791125159195872,1791125159198740,2868,0,10,49950,49950,true,28372,26198,62968,9549
391,398,1791125159445872,1791125159447320,1448,0,11,49964,49964,true,29844,27429,67238,9549
392,399,1791125159695872,1791125159696778,906,0,12,50221,50221,true,29471,27031,66343,9549
393,400,1791125159945872,1791125159947315,1443,0,13,50039,50039,true,28042,25757,62591,9554
394,401,1791125160195872,1791125160198177,2305,0,14,50164,50164,true,29447,26756,66048,9549
395,402,1791125160445872,1791125160447011,1139,0,15,49771,49771,true,28782,26518,64312,9551
396,403,1791125160695872,1791125160696823,951,0,16,50016,50016,true,30759,28288,70233,9550
397,404,1791125160945872,1791125160947030,1158,0,17,50003,50003,true,28964,26613,64708,9554
398,405,1791125161195872,1791125161197451,1579,0,18,50107,50107,true,30664,28148,69842,9552
399,406,1791125161445872,1791125161447268,1396,0,19,50139,50139,true,28488,26132,63524,9553
400,407,1791125161695872,1791125161696844,972,0,0,49940,49940,true,29508,27271,66361,9556
401,408,1791125161945872,1791125161947812,1940,0,1,50056,50056,true,29655,27382,67065,9559
402,409,1791125162195872,1791125162197462,1590,0,2,49850,49850,true,28373,25841,63377,9556
403,410,1791125162445872,1791125162447433,1561,0,3,50177,50177,true,27787,25464,61079,9558
404,411,1791125162695872,1791125162697160,1288,0,4,49759,49759,true,28516,26024,63373,9556
405,412,1791125162945872,1791125162951624,5752,0,5,49894,49894,true,28225,26036,62757,9562
406,413,1791125163195872,1791125163197261,1389,0,6,49980,49980,true,29927,27338,67636,9558
407,414,1791125163445872,1791125163447113,1241,0,7,49987,49987,true,29082,26488,64697,9551
408,415,1791125163695872,1791125163696978,1106,0,8,49986,49986,true,27729,25537,61589,9552
409,416,1791125163945872,1791125163948219,2347,0,9,49997,49997,true,28660,26226,63830,9555
410,417,1791125164195872,1791125164198021,2149,0,10,49950,49950,true,28659,26425,64121,9556
411,418,1791125164445872,1791125164447258,1386,0,11,49964,49964,true,29635,27064,66468,9552
412,419,1791125164695872,1791125164697713,1841,0,12,50221,50221,true,28667,26266,63578,9549
413,420,1791125164945872,1791125164947156,1284,0,13,50039,50039,true,27701,25466,61343,9552
414,421,1791125165195872,1791125165196851,979,0,14,50164,50164,true,29569,26945,66037,9547
415,422,1791125165445872,1791125165447367,1495,0,15,49771,49771,true,27848,25650,61793,9551
416,423,1791125165695872,1791125165696802,930,0,16,50016,50016,true,30765,28332,70159,9551
417,424,1791125165945872,1791125165947554,1682,0,17,50003,50003,true,28793,26455,64423,9553
418,425,1791125166195872,1791125166196901,1029,0,18,50107,50107,true,30128,27617,68052,9551
419,426,1791125166445872,1791125166447043,1171,0,19,50139,50139,true,28093,25624,61952,9550
420,427,1791125166695872,1791125166697002,1130,0,0,49940,49940,true,28771,26599,64325,9554
421,428,1791125166945872,1791125166947573,1701,0,1,50056,50056,true,30089,27599,67790,9555
422,429,1791125167195872,1791125167197057,1185,0,2,49850,49850,true,28396,25942,63080,9554
423,430,1791125167445872,1791125167448094,2222,0,3,50177,50177,true,27451,25105,60227,9559
424,431,1791125167695872,1791125167697170,1298,0,4,49759,49759,true,28488,26091,63917,9559
425,432,1791125167945872,1791125167946974,1102,0,5,49894,49894,true,28120,25956,62771,9563
426,433,1791125168195872,1791125168197315,1443,0,6,49980,49980,true,29998,27637,68007,9566
427,434,1791125168445872,1791125168447127,1255,0,7,49987,49987,true,28827,26258,64228,9561
428,435,1791125168695872,1791125168697164,1292,0,8,49986,49986,true,27360,25201,60355,9562
429,436,1791125168945872,1791125168947438,1566,0,9,49997,49997,true,28521,26033,63600,9562
430,437,1791125169195872,1791125169197019,1147,0,10,49950,49950,true,28524,26350,63814,9564
431,438,1791125169445872,1791125169447292,1420,0,11,49964,49964,true,29580,27092,66359,9561
432,439,1791125169695872,1791125169697710,1838,0,12,50221,50221,true,28328,25948,62744,9558
433,440,1791125169945872,1791125169947140,1268,0,13,50039,50039,true,27572,25320,60832,9564
434,441,1791125170195872,1791125170197386,1514,0,14,50164,50164,true,29499,27091,66676,9565
435,442,1791125170445872,1791125170447370,1498,0,15,49771,49771,true,28154,25986,62798,9566
436,443,1791125170695872,1791125170697183,1311,0,16,50016,50016,true,30610,28172,69520,9565
437,444,1791125170945872,1791125170946942,1070,0,17,50003,50003,true,28577,26160,63463,9564
438,445,1791125171195872,1791125171196824,952,0,18,50107,50107,true,29311,26752,65316,9559
439,446,1791125171445872,1791125171447099,1227,0,19,50139,50139,true,27440,25202,60607,9563
440,447,1791125171695872,1791125171697744,1872,0,0,49940,49940,true,29231,26911,65331,9563
441,448,1791125171945872,1791125171946933,1061,0,1,50056,50056,true,29771,27320,66610,9562
442,449,1791125172195872,1791125172197674,1802,0,2,49850,49850,true,28007,25687,61973,9564
443,450,1791125172445872,1791125172446867,995,0,3,50177,50177,true,27884,25485,61576,9565
444,451,1791125172695872,1791125172697405,1533,0,4,49759,49759,true,28464,25891,62951,9561
445,452,1791125172945872,1791125172946910,1038,0,5,49894,49894,true,27746,25607,61361,9561
446,453,1791125173195872,1791125173197506,1634,0,6,49980,49980,true,29618,27163,66482,9561
447,454,1791125173445872,1791125173447157,1285,0,7,49987,49987,true,29087,26725,64907,9559
448,455,1791125173695872,1791125173700768,4896,0,8,49986,49986,true,27289,24953,59850,9558
449,456,1791125173945872,1791125173946939,1067,0,9,49997,49997,true,28093,25777,62492,9558
450,457,1791125174195872,1791125174198072,2200,0,10,49950,49950,true,28238,26088,62761,9558
451,458,1791125174445872,1791125174447455,1583,0,11,49964,49964,true,29582,27126,66219,9558
452,459,1791125174695872,1791125174697404,1532,0,12,50221,50221,true,28196,25725,61887,9554
453,460,1791125174945872,1791125174947761,1889,0,13,50039,50039,true,27035,24809,59169,9557
454,461,1791125175195872,1791125175197979,2107,0,14,50164,50164,true,29091,26473,64599,9553
455,462,1791125175445872,1791125175447630,1758,0,15,49771,49771,true,27792,25608,61580,9554
456,463,1791125175695872,1791125175696958,1086,0,16,50016,50016,true,30332,27962,68914,9553
457,464,1791125175945872,1791125175947029,1157,0,17,50003,50003,true,28530,26073,63176,9553
458,465,1791125176195872,1791125176197920,2048,0,18,50107,50107,true,28913,26433,64098,9552
459,466,1791125176445872,1791125176455251,9379,0,19,50139,50139,true,27355,25026,60186,9553
460,467,1791125176695872,1791125176697519,1647,0,0,49940,49940,true,28949,26654,64912,9550
461,468,1791125176945872,1791125176947214,1342,0,1,50056,50056,true,29179,26820,65322,9549
462,469,1791125177195872,1791125177200951,5079,0,2,49850,49850,true,27653,25282,60917,9547
463,470,1791125177445872,1791125177448957,3085,0,3,50177,50177,true,27602,25246,60650,9547
464,471,1791125177695872,1791125177698249,2377,0,4,49759,49759,true,28199,25755,62394,9549
465,472,1791125177945872,1791125177947349,1477,0,5,49894,49894,true,27847,25753,62134,9554
466,473,1791125178195872,1791125178197376,1504,0,6,49980,49980,true,29884,27351,67165,9553
467,474,1791125178445872,1791125178447882,2010,0,7,49987,49987,true,28442,25903,62802,9549
468,475,1791125178695872,1791125178697141,1269,0,8,49986,49986,true,26696,24488,58536,9550
469,476,1791125178945872,1791125178946760,888,0,9,49997,49997,true,28105,25776,62278,9553
470,477,1791125179195872,1791125179197444,1572,0,10,49950,49950,true,28706,26413,63790,9556
471,478,1791125179445872,1791125179447474,1602,0,11,49964,49964,true,29257,26879,65832,9557
472,479,1791125179695872,1791125179697767,1895,0,12,50221,50221,true,28170,25768,62498,9557
473,480,1791125179945872,1791125179947287,1415,0,13,50039,50039,true,27111,24851,59460,9560
474,481,1791125180195872,1791125180196876,1004,0,14,50164,50164,true,28994,26495,64555,9558
475,482,1791125180445872,1791125180447282,1410,0,15,49771,49771,true,27412,25410,60789,9565
476,483,1791125180695872,1791125180697199,1327,0,16,50016,50016,true,30565,27913,69721,9559
477,484,1791125180945872,1791125180947283,1411,0,17,50003,50003,true,27632,25385,61206,9560
478,485,1791125181195872,1791125181197240,1368,0,18,50107,50107,true,28796,26340,64416,9559
479,486,1791125181445872,1791125181447420,1548,0,19,50139,50139,true,27488,25176,60330,9559
480,487,1791125181695872,1791125181696931,1059,0,0,49940,49940,true,28748,26469,63925,9559
481,488,1791125181945872,1791125181947104,1232,0,1,50056,50056,true,29046,26717,64928,9562
482,489,1791125182195872,1791125182197145,1273,0,2,49850,49850,true,27953,25634,62278,9563
483,490,1791125182445872,1791125182447030,1158,0,3,50177,50177,true,27813,25431,61179,9565
484,491,1791125182695872,1791125182697096,1224,0,4,49759,49759,true,27985,25468,61764,9562
485,492,1791125182945872,1791125182949834,3962,0,5,49894,49894,true,27494,25377,60367,9567
486,493,1791125183195872,1791125183196899,1027,0,6,49980,49980,true,29920,27335,67438,9564
487,494,1791125183445872,1791125183452208,6336,0,7,49987,49987,true,27771,25510,61437,9565
488,495,1791125183695872,1791125183697565,1693,0,8,49986,49986,true,27646,25409,61375,9569
489,496,1791125183945872,1791125184283638,337766,1,9,49997,49997,true,28275,25772,62774,9567
490,498,1791125184445872,1791125184523551,77679,0,10,49950,49950,true,28137,25945,62323,9568
491,499,1791125184695872,1791125184755851,59979,0,11,49964,49964,true,29209,26636,65175,9563
492,500,1791125184945872,1791125184988867,42995,0,12,50221,50221,true,27695,25201,60693,9558
493,501,1791125185195872,1791125185219510,23638,0,13,50039,50039,true,26540,24303,57868,9557
494,502,1791125185445872,1791125185451973,6101,0,14,50164,50164,true,28469,26023,62804,9556
495,503,1791125185695872,1791125185699358,3486,0,15,49771,49771,true,27366,25204,60347,9557
496,504,1791125185945872,1791125185946888,1016,0,16,50016,50016,true,30386,27895,69192,9555
497,505,1791125186195872,1791125186196805,933,0,17,50003,50003,true,27688,25373,61031,9556
498,506,1791125186445872,1791125186452475,6603,0,18,50107,50107,true,28807,26495,64404,9559
499,507,1791125186695872,1791125186706403,10531,0,19,50139,50139,true,27869,25469,61446,9561
500,508,1791125186945872,1791125186951471,5599,0,0,49940,49940,true,28732,26466,64204,9562
501,509,1791125187195872,1791125187197114,1242,0,1,50056,50056,true,29080,26771,65269,9562
502,510,1791125187445872,1791125187446898,1026,0,2,49850,49850,true,27757,25311,61141,9560
503,511,1791125187695872,1791125187697368,1496,0,3,50177,50177,true,27392,25110,60087,9559
504,512,1791125187945872,1791125187949807,3935,0,4,49759,49759,true,27602,25170,60794,9555
505,513,1791125188195872,1791125188196840,968,0,5,49894,49894,true,26764,24665,58669,9558
506,514,1791125188445872,1791125188447078,1206,0,6,49980,49980,true,29910,27373,67351,9554
507,515,1791125188695872,1791125188697128,1256,0,7,49987,49987,true,27340,25001,59934,9551
508,516,1791125188945872,1791125188947231,1359,0,8,49986,49986,true,27140,24778,59335,9552
509,517,1791125189195872,1791125189197654,1782,0,9,49997,49997,true,27926,25326,60905,9547
510,518,1791125189445872,1791125189446741,869,0,10,49950,49950,true,26935,24873,59099,9549
511,519,1791125189695872,1791125189697022,1150,0,11,49964,49964,true,29304,26909,65582,9549
512,520,1791125189945872,1791125189946901,1029,0,12,50221,50221,true,27609,25193,60740,9545
513,521,1791125190195872,1791125190197656,1784,0,13,50039,50039,true,26423,24285,57714,9551
514,522,1791125190445872,1791125190447666,1794,0,14,50164,50164,true,28995,26694,65568,9556
515,523,1791125190695872,1791125190697007,1135,0,15,49771,49771,true,27978,25795,62676,9559
516,524,1791125190945872,1791125190946910,1038,0,16,50016,50016,true,30173,27651,68032,9557
517,525,1791125191195872,1791125191197592,1720,0,17,50003,50003,true,27718,25305,60613,9556
518,526,1791125191445872,1791125191447992,2120,0,18,50107,50107,true,28116,25688,62422,9554
519,527,1791125191695872,1791125191696771,899,0,19,50139,50139,true,27571,25259,60741,9553
520,528,1791125191945872,1791125191947005,1133,0,0,49940,49940,true,28432,25995,62705,9548
521,529,1791125192195872,1791125192197030,1158,0,1,50056,50056,true,28386,25984,62658,9547
522,530,1791125192445872,1791125192447796,1924,0,2,49850,49850,true,27259,24937,59785,9546
523,531,1791125192695872,1791125192697954,2082,0,3,50177,50177,true,27054,24797,59202,9551
524,532,1791125192945872,1791125192947968,2096,0,4,49759,49759,true,28058,25670,62369,9552
525,533,1791125193195872,1791125193196757,885,0,5,49894,49894,true,26987,24882,59493,9553
526,534,1791125193445872,1791125193447149,1277,0,6,49980,49980,true,29484,27070,65953,9550
527,535,1791125193695872,1791125193697099,1227,0,7,49987,49987,true,27376,25204,60178,9554
528,536,1791125193945872,1791125193946843,971,0,8,49986,49986,true,27807,25385,61701,9553
529,537,1791125194195872,1791125194196994,1122,0,9,49997,49997,true,27378,25029,60372,9554
530,538,1791125194445872,1791125194446899,1027,0,10,49950,49950,true,27530,25355,60544,9555
531,539,1791125194695872,1791125194697243,1371,0,11,49964,49964,true,29012,26549,64487,9552
532,540,1791125194945872,1791125194946998,1126,0,12,50221,50221,true,27212,24926,59849,9552
533,541,1791125195195872,1791125195197479,1607,0,13,50039,50039,true,26636,24357,58316,9552
534,542,1791125195445872,1791125195446839,967,0,14,50164,50164,true,28527,26222,63635,9553
535,543,1791125195695872,1791125195697073,1201,0,15,49771,49771,true,28324,26157,63075,9557
536,544,1791125195945872,1791125195947088,1216,0,16,50016,50016,true,30274,27774,68801,9555
537,545,1791125196195872,1791125196197201,1329,0,17,50003,50003,true,27234,25109,60018,9560
538,546,1791125196445872,1791125196447973,2101,0,18,50107,50107,true,28614,26320,64342,9560
539,547,1791125196695872,1791125196696791,919,0,19,50139,50139,true,27486,25228,60750,9563
540,548,1791125196945872,1791125196947477,1605,0,0,49940,49940,true,28510,26243,63617,9566
541,549,1791125197195872,1791125197199365,3493,0,1,50056,50056,true,28802,26421,64704,9565
542,550,1791125197445872,1791125197447685,1813,0,2,49850,49850,true,27439,25053,60273,9563
543,551,1791125197695872,1791125197696865,993,0,3,50177,50177,true,26758,24579,58649,9566
544,552,1791125197945872,1791125197949567,3695,0,4,49759,49759,true,28018,25572,62441,9561
545,553,1791125198195872,1791125198196925,1053,0,5,49894,49894,true,26728,24713,58414,9565
546,554,1791125198445872,1791125198446938,1066,0,6,49980,49980,true,29439,26878,65805,9560
547,555,1791125198695872,1791125198697381,1509,0,7,49987,49987,true,26948,24297,58122,9552
548,556,1791125198945872,1791125198947019,1147,0,8,49986,49986,true,26301,24142,57782,9552
549,557,1791125199195872,1791125199197943,2071,0,9,49997,49997,true,27503,25023,60352,9549
550,558,1791125199445872,1791125199447537,1665,0,10,49950,49950,true,27069,24987,59351,9554
551,559,1791125199695872,1791125199697247,1375,0,11,49964,49964,true,29231,26828,65739,9554
552,560,1791125199945872,1791125199951952,6080,0,12,50221,50221,true,27725,25220,60572,9549
553,561,1791125200195872,1791125200197324,1452,0,13,50039,50039,true,26099,23955,56473,9556
554,562,1791125200445872,1791125200447175,1303,0,14,50164,50164,true,28967,26555,65087,9556
555,563,1791125200695872,1791125200703730,7858,0,15,49771,49771,true,28053,25918,62240,9557
556,564,1791125200945872,1791125200955395,9523,0,16,50016,50016,true,29910,27393,67226,9555
557,565,1791125201195872,1791125201209799,13927,0,17,50003,50003,true,27007,24817,59195,9556
558,566,1791125201445872,1791125201446752,880,0,18,50107,50107,true,28606,26297,64132,9558
559,567,1791125201695872,1791125201713066,17194,0,19,50139,50139,true,27960,25496,61916,9556
560,568,1791125201945872,1791125201947583,1711,0,0,49940,49940,true,28292,25985,62039,9553
561,569,1791125202195872,1791125202197452,1580,0,1,50056,50056,true,28344,25977,62756,9552
562,570,1791125202445872,1791125202447417,1545,0,2,49850,49850,true,27024,24901,59767,9555
563,571,1791125202695872,1791125202697663,1791,0,3,50177,50177,true,27554,25109,60572,9556
564,572,1791125202945872,1791125202958401,12529,0,4,49759,49759,true,27710,25433,61257,9556
565,573,1791125203195872,1791125203213195,17323,0,5,49894,49894,true,26984,24898,59270,9558
566,574,1791125203445872,1791125203485318,39446,0,6,49980,49980,true,29539,27086,65820,9560
567,575,1791125203695872,1791125203719544,23672,0,7,49987,49987,true,27400,25056,60608,9559
568,576,1791125203945872,1791125203961237,15365,0,8,49986,49986,true,26082,23834,56773,9557
569,577,1791125204195872,1791125204204845,8973,0,9,49997,49997,true,27152,24640,59098,9553
570,578,1791125204445872,1791125204447378,1506,0,10,49950,49950,true,26226,24200,57058,9556
571,579,1791125204695872,1791125204696784,912,0,11,49964,49964,true,29497,27018,66378,9555
572,580,1791125204945872,1791125204947299,1427,0,12,50221,50221,true,27523,25147,60328,9552
573,581,1791125205195872,1791125205196787,915,0,13,50039,50039,true,25866,23618,55597,9553
574,582,1791125205445872,1791125205447254,1382,0,14,50164,50164,true,28653,26168,63622,9553
575,583,1791125205695872,1791125205706299,10427,0,15,49771,49771,true,27807,25440,61062,9549
576,584,1791125205945872,1791125205947148,1276,0,16,50016,50016,true,29356,26938,65561,9547
577,585,1791125206195872,1791125206197616,1744,0,17,50003,50003,true,26884,24761,58935,9551
578,586,1791125206445872,1791125206447110,1238,0,18,50107,50107,true,28815,26297,64119,9548
579,587,1791125206695872,1791125206697502,1630,0,19,50139,50139,true,27278,24868,59496,9545
580,588,1791125206945872,1791125206947257,1385,0,0,49940,49940,true,27468,25335,60398,9548
581,589,1791125207195872,1791125207196912,1040,0,1,50056,50056,true,28885,26510,64514,9551
582,590,1791125207445872,1791125207447259,1387,0,2,49850,49850,true,27633,25325,61394,9550
583,591,1791125207695872,1791125207697267,1395,0,3,50177,50177,true,27168,24865,59538,9553
584,592,1791125207945872,1791125207947560,1688,0,4,49759,49759,true,27575,25135,60696,9552
585,593,1791125208195872,1791125208201861,5989,0,5,49894,49894,true,27035,24927,59243,9558
586,594,1791125208445872,1791125208447435,1563,0,6,49980,49980,true,29507,26957,66447,9555
587,595,1791125208695872,1791125208697708,1836,0,7,49987,49987,true,27011,24697,59034,9552
588,596,1791125208945872,1791125208946831,959,0,8,49986,49986,true,26097,23895,56701,9551
589,597,1791125209195872,1791125209197958,2086,0,9,49997,49997,true,26819,24449,58249,9550
590,598,1791125209445872,1791125209447110,1238,0,10,49950,49950,true,26186,24091,57073,9552
591,599,1791125209695872,1791125209703789,7917,0,11,49964,49964,true,29110,26681,65183,9551
592,600,1791125209945872,1791125209954102,8230,0,12,50221,50221,true,27212,24694,59214,9545
593,601,1791125210195872,1791125210197298,1426,0,13,50039,50039,true,25370,23211,54613,9544
594,602,1791125210445872,1791125210446993,1121,0,14,50164,50164,true,28150,25798,62207,9547
595,603,1791125210695872,1791125210700325,4453,0,15,49771,49771,true,28044,25894,62779,9554
596,604,1791125210945872,1791125210954767,8895,0,16,50016,50016,true,29754,27389,67967,9558
597,605,1791125211195872,1791125211197208,1336,0,17,50003,50003,true,27782,25542,61900,9562
598,606,1791125211445872,1791125211446833,961,0,18,50107,50107,true,28975,26481,64518,9560
599,607,1791125211695872,1791125211697119,1247,0,19,50139,50139,true,27001,24651,58746,9559
600,608,1791125211945872,1791125211957685,11813,0,0,49940,49940,true,27383,25276,60209,9562
601,609,1791125212195872,1791125212197899,2027,0,1,50056,50056,true,29057,26633,65171,9559
602,610,1791125212445872,1791125212446942,1070,0,2,49850,49850,true,27216,24815,59649,9555
603,611,1791125212695872,1791125212699815,3943,0,3,50177,50177,true,26788,24385,57929,9552
604,612,1791125212945872,1791125212947200,1328,0,4,49759,49759,true,26912,24799,59337,9555
605,613,1791125213195872,1791125213197144,1272,0,5,49894,49894,true,27759,25617,62008,9557
606,614,1791125213445872,1791125213447745,1873,0,6,49980,49980,true,29229,26727,65357,9553
607,615,1791125213695872,1791125213696855,983,0,7,49987,49987,true,26788,24503,58248,9552
608,616,1791125213945872,1791125213947010,1138,0,8,49986,49986,true,26495,24336,57923,9558
609,617,1791125214195872,1791125214197449,1577,0,9,49997,49997,true,27509,24985,60573,9555
610,618,1791125214445872,1791125214446859,987,0,10,49950,49950,true,26198,24163,56742,9562
611,619,1791125214695872,1791125214697102,1230,0,11,49964,49964,true,29318,26908,66200,9561
612,620,1791125214945872,1791125214949634,3762,0,12,50221,50221,true,27418,25022,59874,9557
613,621,1791125215195872,1791125215196904,1032,0,13,50039,50039,true,25227,23053,54065,9558
614,622,1791125215445872,1791125215447589,1717,0,14,50164,50164,true,27779,25387,61308,9556
615,623,1791125215695872,1791125215697115,1243,0,15,49771,49771,true,27636,25512,61065,9558
616,624,1791125215945872,1791125215946883,1011,0,16,50016,50016,true,29864,27437,67687,9559
617,625,1791125216195872,1791125216197153,1281,0,17,50003,50003,true,27859,25500,61262,9560
618,626,1791125216445872,1791125216447046,1174,0,18,50107,50107,true,28417,25995,63017,9559
619,627,1791125216695872,1791125216697510,1638,0,19,50139,50139,true,26925,24536,58553,9556
620,628,1791125216945872,1791125216946815,943,0,0,49940,49940,true,27077,24897,59069,9554
621,629,1791125217195872,1791125217197006,1134,0,1,50056,50056,true,28718,26298,63825,9553
622,630,1791125217445872,1791125217447493,1621,0,2,49850,49850,true,27122,24762,59172,9550
623,631,1791125217695872,1791125217697880,2008,0,3,50177,50177,true,26390,24127,56849,9553
624,632,1791125217945872,1791125217946967,1095,0,4,49759,49759,true,27374,24976,60165,9553
625,633,1791125218195872,1791125218198125,2253,0,5,49894,49894,true,27327,25143,60450,9557
626,634,1791125218445872,1791125218447631,1759,0,6,49980,49980,true,29241,26635,65142,9551
627,635,1791125218695872,1791125218696916,1044,0,7,49987,49987,true,25883,23671,55778,9549
628,636,1791125218945872,1791125218947494,1622,0,8,49986,49986,true,26452,24160,57377,9552
629,637,1791125219195872,1791125219198241,2369,0,9,49997,49997,true,27514,25203,60840,9554
630,638,1791125219445872,1791125219446715,843,0,10,49950,49950,true,27124,24962,59712,9557
631,639,1791125219695872,1791125219698028,2156,0,11,49964,49964,true,29410,26959,65993,9557
632,640,1791125219945872,1791125219946749,877,0,12,50221,50221,true,27507,25114,60451,9555
633,641,1791125220195872,1791125220197475,1603,0,13,50039,50039,true,25801,23644,55679,9560
634,642,1791125220445872,1791125220447785,1913,0,14,50164,50164,true,28186,25740,62921,9559
635,643,1791125220695872,1791125221327366,631494,2,15,49771,49771,true,27314,25239,60319,9559
636,646,1791125221445872,1791125221580246,134374,0,16,50016,50016,true,29642,27210,66624,9557
637,647,1791125221695872,1791125221815031,119159,0,17,50003,50003,true,27328,25111,60125,9561
638,648,1791125221945872,1791125222049835,103963,0,18,50107,50107,true,28401,26038,62956,9561
639,649,1791125222195872,1791125222290898,95026,0,19,50139,50139,true,27072,24654,59151,9560
640,650,1791125222445872,1791125222532630,86758,0,0,49940,49940,true,27009,24817,58739,9562
641,651,1791125222695872,1791125222772042,76170,0,1,50056,50056,true,28801,26280,63929,9558
642,652,1791125222945872,1791125223013126,67254,0,2,49850,49850,true,26337,24146,57428,9558
643,653,1791125223195872,1791125223254401,58529,0,3,50177,50177,true,26695,24521,58200,9561
644,654,1791125223445872,1791125223506698,60826,0,4,49759,49759,true,27570,25192,60859,9562
645,655,1791125223695872,1791125223742918,47046,0,5,49894,49894,true,27254,25027,59696,9561
646,656,1791125223945872,1791125223983433,37561,0,6,49980,49980,true,28505,26245,63591,9561
647,657,1791125224195872,1791125224215218,19346,0,7,49987,49987,true,26636,24411,58509,9564
648,658,1791125224445872,1791125224448788,2916,0,8,49986,49986,true,27133,24810,59555,9567
649,659,1791125224695872,1791125224697386,1514,0,9,49997,49997,true,27677,25328,61028,9569
650,660,1791125224945872,1791125224947056,1184,0,10,49950,49950,true,27584,25304,60858,9567
651,661,1791125225195872,1791125225197359,1487,0,11,49964,49964,true,28918,26325,63780,9561
652,662,1791125225445872,1791125225446933,1061,0,12,50221,50221,true,26627,24246,57231,9556
653,663,1791125225695872,1791125225697222,1350,0,13,50039,50039,true,25345,23063,54114,9555
654,664,1791125225945872,1791125225952790,6918,0,14,50164,50164,true,27664,25364,61451,9556
655,665,1791125226195872,1791125226197908,2036,0,15,49771,49771,true,27666,25411,60819,9556
656,666,1791125226445872,1791125226451680,5808,0,16,50016,50016,true,29212,26974,65726,9559
657,667,1791125226695872,1791125226700274,4402,0,17,50003,50003,true,27949,25606,62253,9563
658,668,1791125226945872,1791125226947454,1582,0,18,50107,50107,true,28601,26119,63538,9561
659,669,1791125227195872,1791125227197108,1236,0,19,50139,50139,true,26794,24396,57936,9559
660,670,1791125227445872,1791125227447374,1502,0,0,49940,49940,true,26624,24509,58046,9564
661,671,1791125227695872,1791125227697208,1336,0,1,50056,50056,true,29035,26685,65162,9565
662,672,1791125227945872,1791125227946794,922,0,2,49850,49850,true,26796,24508,58631,9564
663,673,1791125228195872,1791125228196837,965,0,3,50177,50177,true,26687,24507,58358,9567
664,674,1791125228445872,1791125228447447,1575,0,4,49759,49759,true,27746,25318,61492,9566
665,675,1791125228695872,1791125228697676,1804,0,5,49894,49894,true,27330,25027,59768,9562
666,676,1791125228945872,1791125228946793,921,0,6,49980,49980,true,28093,25799,61969,9562
667,677,1791125229195872,1791125229197895,2023,0,7,49987,49987,true,27023,24771,59194,9561
668,678,1791125229445872,1791125229447130,1258,0,8,49986,49986,true,27092,24806,59279,9564
669,679,1791125229695872,1791125229697266,1394,0,9,49997,49997,true,28054,25575,61808,9565
670,680,1791125229945872,1791125229947928,2056,0,10,49950,49950,true,27489,25196,60093,9564
671,681,1791125230195872,1791125230199434,3562,0,11,49964,49964,true,28493,26230,63086,9565
672,682,1791125230445872,1791125230447831,1959,0,12,50221,50221,true,27317,24910,59812,9560
673,683,1791125230695872,1791125230697918,2046,0,13,50039,50039,true,25098,22937,53579,9560
674,684,1791125230945872,1791125230947028,1156,0,14,50164,50164,true,27557,25160,60436,9557
675,685,1791125231195872,1791125231196991,1119,0,15,49771,49771,true,27222,25097,59796,9560
676,686,1791125231445872,1791125231447172,1300,0,16,50016,50016,true,29265,26921,65966,9561
677,687,1791125231695872,1791125231704710,8838,0,17,50003,50003,true,27930,25654,61914,9563
678,688,1791125231945872,1791125231953170,7298,0,18,50107,50107,true,28501,25995,63345,9559
679,689,1791125232195872,1791125232197703,1831,0,19,50139,50139,true,26300,23894,56643,9556
680,690,1791125232445872,1791125232446716,844,0,0,49940,49940,true,26336,24321,57262,9559
681,691,1791125232695872,1791125232697024,1152,0,1,50056,50056,true,28947,26408,64465,9555
682,692,1791125232945872,1791125232947783,1911,0,2,49850,49850,true,26330,23991,56922,9550
683,693,1791125233195872,1791125233197544,1672,0,3,50177,50177,true,25884,23705,55817,9553
684,694,1791125233445872,1791125233447212,1340,0,4,49759,49759,true,27940,25537,61730,9551
685,695,1791125233695872,1791125233697636,1764,0,5,49894,49894,true,27106,24932,59025,9553
686,696,1791125233945872,1791125233947009,1137,0,6,49980,49980,true,28100,25628,62096,9549
687,697,1791125234195872,1791125234197456,1584,0,7,49987,49987,true,26854,24698,58529,9552
688,698,1791125234445872,1791125234447539,1667,0,8,49986,49986,true,27551,25279,61010,9555
689,699,1791125234695872,1791125234697850,1978,0,9,49997,49997,true,28042,25587,61620,9553
690,700,1791125234945872,1791125234947441,1569,0,10,49950,49950,true,27258,24961,59518,9549
691,701,1791125235195872,1791125235196927,1055,0,11,49964,49964,true,28042,25778,62156,9550
692,702,1791125235445872,1791125235447052,1180,0,12,50221,50221,true,27295,24806,59197,9545
693,703,1791125235695872,1791125235696724,852,0,13,50039,50039,true,24641,22516,52700,9546
694,704,1791125235945872,1791125235947797,1925,0,14,50164,50164,true,27643,25249,60873,9543
695,705,1791125236195872,1791125236197524,1652,0,15,49771,49771,true,26987,24886,59132,9551
696,706,1791125236445872,1791125236446917,1045,0,16,50016,50016,true,30205,27808,68915,9552
697,707,1791125236695872,1791125236705105,9233,0,17,50003,50003,true,27937,25587,61710,9553
698,708,1791125236945872,1791125236946906,1034,0,18,50107,50107,true,28248,25751,62257,9549
699,709,1791125237195872,1791125237197200,1328,0,19,50139,50139,true,26106,23774,56364,9548
700,710,1791125237445872,1791125237446810,938,0,0,49940,49940,true,26144,24040,56814,9551
701,711,1791125237695872,1791125237696931,1059,0,1,50056,50056,true,29008,26692,64937,9554
702,712,1791125237945872,1791125237946731,859,0,2,49850,49850,true,26979,24508,59193,9547
703,713,1791125238195872,1791125238197390,1518,0,3,50177,50177,true,25158,23075,53771,9550
704,714,1791125238445872,1791125238447683,1811,0,4,49759,49759,true,27775,25415,61500,9548
705,715,1791125238695872,1791125238697591,1719,0,5,49894,49894,true,26981,24832,58884,9553
706,716,1791125238945872,1791125238947019,1147,0,6,49980,49980,true,28851,26198,64525,9547
707,717,1791125239195872,1791125239203359,7487,0,7,49987,49987,true,25972,23869,56140,9550
708,718,1791125239445872,1791125239447253,1381,0,8,49986,49986,true,27984,25490,61587,9547
709,719,1791125239695872,1791125239696880,1008,0,9,49997,49997,true,27210,24879,59331,9548
