artifact,population,profile,run,status,p99_us,skips,updates_per_sec,orders_per_sec,fills_per_sec,initialization_ms,reason,build_hash,configuration_hash,mean_txn_ms,mean_wasm_ms,mean_update_ms,wasm_memory_bytes
"20261003T211931Z-2901178/2000-normal/normal-1.json","2000","NORMAL","1","EXPLORE_PASS","2101","0","2000","1773.6","1536.2","10.542","","863462dde83f39137100f91d946623a4f133643ac9975a78779f9d1349762ecd","335fd78b48e96a7f8ac8a5075c6f81869c6e6cb650d7f9c412e8a78adf867bd6","","","",""
"20261003T212005Z-2906009/10000-normal/normal-1.json","10000","NORMAL","1","EXPLORE_PASS","2792","0","10000","7567.1","6852.6","46.468","","863462dde83f39137100f91d946623a4f133643ac9975a78779f9d1349762ecd","e2fd1b3d9bc94f29e2c77f62da2e70ed841a03797a4f2041600b2f9af078a867","","","",""
"20261003T212105Z-2911127/50000-normal/normal-1.json","50000","NORMAL","1","EXPLORE_PASS","1991","0","50000","37571.55","35555.1","229.806","","863462dde83f39137100f91d946623a4f133643ac9975a78779f9d1349762ecd","524aecfa92eda4fa84a8e7ca9eceffd43021d2ab8ad9e1036e329a909c3384c3","","","",""
"20261003T212216Z-2917090/200000-normal/normal-1.json","200000","NORMAL","1","EXPLORE_PASS","1858","0","200000","150930.9","145465.2","939.348","","863462dde83f39137100f91d946623a4f133643ac9975a78779f9d1349762ecd","5ea4446fd5ff77acc8b127ebab4e573358f32ec84d595f01fdf9b8a4c982f685","","","",""
"20261003T212432Z-2926844/500000-normal/normal-1.json","500000","NORMAL","1","EXPLORE_FAIL","93816","218","279998.65","210141.25","205158.6","2156.061","runtime failure or conservation failure before intentional stop; incomplete intended-slot evidence; slot sequence, deadline, or actor coverage mismatch; skipped application slots; P99 start lateness is not below 50ms","863462dde83f39137100f91d946623a4f133643ac9975a78779f9d1349762ecd","73394dde22e3c27968b00ddd7fbb5683d44b2c09d84493d48c035d32ccd3f31a","87.06636905281694","53.16771126760563","1.4796725774647883","11927552"
"20261003T212556Z-2935559/500000-normal/normal-1.json","500000","NORMAL","1","EXPLORE_FAIL","94522","218","281246.6","211075.4","206060","2306.836","runtime failure or conservation failure before intentional stop; incomplete intended-slot evidence; slot sequence, deadline, or actor coverage mismatch; skipped application slots; P99 start lateness is not below 50ms","863462dde83f39137100f91d946623a4f133643ac9975a78779f9d1349762ecd","73394dde22e3c27968b00ddd7fbb5683d44b2c09d84493d48c035d32ccd3f31a","87.05413059154925","53.60412323943662","1.4814083908450697","11927552"
"20261003T212556Z-2935559/500000-normal/normal-2.json","500000","NORMAL","2","EXPLORE_FAIL","97072","228","273745.35","205445.45","200552.85","2487.795","runtime failure or conservation failure before intentional stop; incomplete intended-slot evidence; slot sequence, deadline, or actor coverage mismatch; skipped application slots; P99 start lateness is not below 50ms","863462dde83f39137100f91d946623a4f133643ac9975a78779f9d1349762ecd","73394dde22e3c27968b00ddd7fbb5683d44b2c09d84493d48c035d32ccd3f31a","90.08162111721622","54.90865567765567","1.5225105457875474","11927552"
"20261003T213346Z-2973201/500000-normal/normal-1.json","500000","NORMAL","1","EXPLORE_FAIL","96318","222","277492.75","208255.3","203297.15","2400.316","runtime failure or conservation failure before intentional stop; incomplete intended-slot evidence; slot sequence, deadline, or actor coverage mismatch; skipped application slots; P99 start lateness is not below 50ms","85304b0e061d8bcbad5e68b1571c750be314fe02d35fefc0786d3129360e40e0","73394dde22e3c27968b00ddd7fbb5683d44b2c09d84493d48c035d32ccd3f31a","88.17826643214283","54.171396428571434","1.4922462142857145","11927552"
"20261003T214332Z-3027488/500000-normal/normal-1.json","500000","NORMAL","1","EXPLORE_FAIL","80825","142","355004.55","266516","260021.4","2147.442","runtime failure or conservation failure before intentional stop; incomplete intended-slot evidence; slot sequence, deadline, or actor coverage mismatch; skipped application slots; P99 start lateness is not below 50ms","2b3b53fd6f709de7236c600d970805cf35dd80f8c75fd2cb29085048a55dcbcb","73394dde22e3c27968b00ddd7fbb5683d44b2c09d84493d48c035d32ccd3f31a","68.1923443091922","37.69893314763231","1.4800370668523672","11337728"
"20261003T214332Z-3027488/500000-normal/normal-2.json","500000","NORMAL","2","EXPLORE_FAIL","74909","151","348753.6","261811.25","255455.65","2073.788","runtime failure or conservation failure before intentional stop; incomplete intended-slot evidence; slot sequence, deadline, or actor coverage mismatch; skipped application slots; P99 start lateness is not below 50ms","2b3b53fd6f709de7236c600d970805cf35dd80f8c75fd2cb29085048a55dcbcb","73394dde22e3c27968b00ddd7fbb5683d44b2c09d84493d48c035d32ccd3f31a","69.80704608547005","38.88868660968661","1.4767322735042716","11337728"
"20261003T214551Z-3039486/500000-normal/normal-1.json","500000","NORMAL","1","EXPLORE_FAIL","72483","137","361254.1","271203.65","264641.85","2035.865","runtime failure or conservation failure before intentional stop; incomplete intended-slot evidence; slot sequence, deadline, or actor coverage mismatch; skipped application slots; P99 start lateness is not below 50ms","d3ca49c5b1913883eee14cb51614a66cb5a773702cbc3206eda4b2c9200705a9","73394dde22e3c27968b00ddd7fbb5683d44b2c09d84493d48c035d32ccd3f31a","67.1552174725275","36.826554945054944","1.4924949972527473","11337728"
"20261003T214804Z-3052676/250000-normal/normal-1.json","250000","NORMAL","1","EXPLORE_PASS","10495","0","250000","187776.05","181834.15","1214.63","","863462dde83f39137100f91d946623a4f133643ac9975a78779f9d1349762ecd","9601eee6a9abefdbdc667aaadf36b508fe7ed4c3460687e53f1d0ac4b68b44db","38.74974919799998","24.911261999999997","0.7814780139999996","6619136"
"20261003T214834Z-3055371/300000-normal/normal-1.json","300000","NORMAL","1","EXPLORE_FAIL","48475","3","297750.95","223694.45","216764.3","1391.705","runtime failure or conservation failure before intentional stop; incomplete intended-slot evidence; slot sequence, deadline, or actor coverage mismatch; skipped application slots","863462dde83f39137100f91d946623a4f133643ac9975a78779f9d1349762ecd","844909d7610753b7127463cc6f2dd6ece43d80d262233ef9373f5c1958f5a648","49.12396009437754","31.20433333333333","0.9175676506024105","6619136"
"20261003T214936Z-3060595/350000-normal/normal-1.json","350000","NORMAL","1","EXPLORE_PASS","32075","0","350000","263128","255491.75","1428.251","","2b3b53fd6f709de7236c600d970805cf35dd80f8c75fd2cb29085048a55dcbcb","2c63905e4e72bb1144b5bf325dfc6a642333bfa4af8ebd36558045c2dcd6c8d5","46.0777072814371","26.024375249501","1.0613155369261473","11337728"
"20261003T215007Z-3063535/400000-normal/normal-1.json","400000","NORMAL","1","EXPLORE_FAIL","60580","40","365997","275253.9","267779.65","1669.767","runtime failure or conservation failure before intentional stop; incomplete intended-slot evidence; slot sequence, deadline, or actor coverage mismatch; skipped application slots; P99 start lateness is not below 50ms","2b3b53fd6f709de7236c600d970805cf35dd80f8c75fd2cb29085048a55dcbcb","885f5b95bc3041e4e07fc51c4227608487d48427c859062dbe4d3e8a2049ada5","52.97632385683294","29.51259436008677","1.213335527114967","11337728"
"20261003T215155Z-3071088/375000-normal/normal-1.json","375000","NORMAL","1","EXPLORE_FAIL","54227","15","363746.3","276344.85","268479.15","1529.673","runtime failure or conservation failure before intentional stop; incomplete intended-slot evidence; slot sequence, deadline, or actor coverage mismatch; skipped application slots; P99 start lateness is not below 50ms","2b3b53fd6f709de7236c600d970805cf35dd80f8c75fd2cb29085048a55dcbcb","f63de483e5aa7a3a6d6bdfd812fb6c17bed72956956c5d61c8ba34978b5f9340","50.15080462833673","28.309034907597535","1.1349445359342905","11337728"
"20261003T215350Z-3081299/500000-normal/normal-1.json","500000","NORMAL","1","EXPLORE_FAIL","90744","217","282489.5","212002.95","206977.7","2463.397","runtime failure or conservation failure before intentional stop; incomplete intended-slot evidence; slot sequence, deadline, or actor coverage mismatch; skipped application slots; P99 start lateness is not below 50ms","863462dde83f39137100f91d946623a4f133643ac9975a78779f9d1349762ecd","73394dde22e3c27968b00ddd7fbb5683d44b2c09d84493d48c035d32ccd3f31a","86.66194911929824","52.822807017543866","1.4845939859649113","11927552"
"20261003T215536Z-3094558/500000-normal/normal-1.json","500000","NORMAL","1","EXPLORE_FAIL","72605","150","348753.6","261802","255464.95","2140.923","runtime failure or conservation failure before intentional stop; incomplete intended-slot evidence; slot sequence, deadline, or actor coverage mismatch; skipped application slots; P99 start lateness is not below 50ms","2b3b53fd6f709de7236c600d970805cf35dd80f8c75fd2cb29085048a55dcbcb","73394dde22e3c27968b00ddd7fbb5683d44b2c09d84493d48c035d32ccd3f31a","69.62853848295455","38.49740909090909","1.5132575284090906","11337728"
"20261003T215709Z-3104247/350000-normal/normal-1.json","350000","NORMAL","1","EXPLORE_FAIL","44532","5","349415.65555555554","262952.7","255483.98888888888","1588.678","runtime failure or conservation failure before intentional stop; incomplete intended-slot evidence; slot sequence, deadline, or actor coverage mismatch; skipped application slots","2b3b53fd6f709de7236c600d970805cf35dd80f8c75fd2cb29085048a55dcbcb","2c63905e4e72bb1144b5bf325dfc6a642333bfa4af8ebd36558045c2dcd6c8d5","47.56053252504162","27.08115943238731","1.0629431323038414","11337728"
"20261003T215935Z-3116358/350000-chaos/chaos-1.json","350000","CHAOS","1","EXPLORE_FAIL","42084","2","349612.0333333333","309297.0444444445","208824.4","1551.594","runtime failure or conservation failure before intentional stop; incomplete intended-slot evidence; slot sequence, deadline, or actor coverage mismatch; skipped application slots","2b3b53fd6f709de7236c600d970805cf35dd80f8c75fd2cb29085048a55dcbcb","0aa723f690aa38db542cc81c7e8f58854a58807a3bf2b01e4d9dbfe7e11a8c48","46.15106995248023","26.234292205085453","1.0617379820758666","11337728"
"20261003T220208Z-3130808/337500-normal/normal-1.json","337500","NORMAL","1","EXPLORE_PASS","24523","0","337500","253577.45555555556","246349.86666666667","1453.954","","2b3b53fd6f709de7236c600d970805cf35dd80f8c75fd2cb29085048a55dcbcb","9fe791ffab7d42b898356cb280684c4000cb7c6d3296e1fa69679c3add08dab8","44.39068113619327","25.661476468138275","1.031188918367347","11337728"
"20261003T220413Z-3140786/337500-chaos/chaos-1.json","337500","CHAOS","1","EXPLORE_PASS","26976","0","337500","301032.0111111111","208103.23333333334","1501.626","","2b3b53fd6f709de7236c600d970805cf35dd80f8c75fd2cb29085048a55dcbcb","c572ce920c1522ea39a67ea5b4d914628b51d160faba14fc50e1815825fa247a","42.54630421157854","23.706593086214077","1.0273758875468562","11337728"
